SEASON,GAME_DATE,GAME_ID,TEAM_ABBREVIATION,MATCHUP,WL,MATHEMATICALLY_ELIMINATED,ELIMINATION_DATE,MAX_POSSIBLE_WINS,CUTOFF_WINS_BEFORE_GAME,PRE_ELIMINATION_POINT_DIFF,POST_ELIM_ROLLING_POINT_DIFF,POINT_DIFF_DROP,HIGH_MINUTES_ABSENCES,HIGH_MINUTES_ABSENT_PLAYERS,REVIEW_REASONS
2015-16,2016-03-28,0021501104,LAL,LAL @ UTA,L,True,2016-03-22,24,31,-5.2,-15.4,-10.2,0,,post-elimination point-differential drop
2015-16,2016-03-29,0021501108,BKN,BKN @ ORL,L,True,2016-03-22,30,36,-6.0,-6.2,-0.20000000000000018,3,Jarrett Jack; Joe Johnson; Thaddeus Young,high-minute-player absence spike
2015-16,2016-03-30,0021501121,LAL,LAL vs. MIA,W,True,2016-03-22,23,31,-5.2,-16.4,-11.2,0,,post-elimination point-differential drop
2015-16,2016-03-31,0021501122,BKN,BKN @ CLE,L,True,2016-03-22,29,36,-6.0,-9.2,-3.1999999999999993,3,Brook Lopez; Jarrett Jack; Joe Johnson,high-minute-player absence spike
2015-16,2016-04-01,0021501130,BKN,BKN @ NYK,L,True,2016-03-22,28,36,-6.0,-13.8,-7.800000000000001,4,Bojan Bogdanovic; Jarrett Jack; Joe Johnson; Thaddeus Young,post-elimination point-differential drop; high-minute-player absence spike
2015-16,2016-04-03,0021501143,BKN,BKN vs. NOP,L,True,2016-03-22,27,37,-6.0,-19.6,-13.600000000000001,5,Bojan Bogdanovic; Brook Lopez; Jarrett Jack; Joe Johnson; Thaddeus Young,post-elimination point-differential drop; high-minute-player absence spike
2015-16,2016-04-03,0021501153,LAL,LAL vs. BOS,L,True,2016-03-22,23,32,-5.2,-15.4,-10.2,1,Lou Williams,post-elimination point-differential drop
2015-16,2016-04-03,0021501151,NYK,NYK vs. IND,L,True,2016-04-03,36,37,-4.1,,,3,Carmelo Anthony; Jose Calderon; Kristaps Porziņģis,high-minute-player absence spike
2015-16,2016-04-05,0021501164,LAL,LAL @ LAC,L,True,2016-03-22,22,32,-5.2,-17.6,-12.400000000000002,1,Lou Williams,post-elimination point-differential drop
2015-16,2016-04-06,0021501167,BKN,BKN @ WAS,L,True,2016-03-22,26,37,-6.0,-21.0,-15.0,4,Brook Lopez; Jarrett Jack; Joe Johnson; Thaddeus Young,post-elimination point-differential drop; high-minute-player absence spike
2015-16,2016-04-06,0021501172,LAL,LAL vs. LAC,L,True,2016-03-22,21,32,-5.2,-17.0,-11.8,1,Lou Williams,post-elimination point-differential drop
2015-16,2016-04-08,0021501178,BKN,BKN @ CHA,L,True,2016-03-22,25,38,-6.0,-17.0,-11.0,4,Brook Lopez; Jarrett Jack; Joe Johnson; Thaddeus Young,post-elimination point-differential drop; high-minute-player absence spike
2015-16,2016-04-08,0021501181,MIL,MIL @ BOS,L,True,2016-04-08,36,38,-6.3,,,4,Jerryd Bayless; Khris Middleton; Michael Carter-Williams; O.J. Mayo,high-minute-player absence spike
2015-16,2016-04-10,0021501199,BKN,BKN @ IND,L,True,2016-03-22,24,38,-6.0,-17.8,-11.8,4,Brook Lopez; Jarrett Jack; Joe Johnson; Thaddeus Young,post-elimination point-differential drop; high-minute-player absence spike
2015-16,2016-04-10,0021501195,LAL,LAL @ HOU,L,True,2016-03-22,19,33,-5.2,-13.4,-8.2,1,Lou Williams,post-elimination point-differential drop
2015-16,2016-04-10,0021501197,MIL,MIL @ PHI,W,True,2016-04-08,35,38,-6.3,,,4,Greg Monroe; Jerryd Bayless; Michael Carter-Williams; O.J. Mayo,high-minute-player absence spike
2015-16,2016-04-11,0021501206,BKN,BKN vs. WAS,L,True,2016-03-22,23,39,-6.0,-16.8,-10.8,4,Brook Lopez; Jarrett Jack; Joe Johnson; Thaddeus Young,post-elimination point-differential drop; high-minute-player absence spike
2015-16,2016-04-11,0021501209,LAL,LAL @ OKC,L,True,2016-03-22,18,33,-5.2,-18.6,-13.400000000000002,1,Lou Williams,post-elimination point-differential drop
2015-16,2016-04-11,0021501208,NOP,NOP vs. CHI,L,True,2016-04-11,32,33,-4.1,,,6,Anthony Davis; Eric Gordon; Jrue Holiday; Norris Cole; Ryan Anderson; Tyreke Evans,high-minute-player absence spike
2015-16,2016-04-11,0021501204,ORL,ORL vs. MIL,W,True,2016-04-08,36,39,3.8,,,3,Nikola Vučević; Tobias Harris; Victor Oladipo,high-minute-player absence spike
2015-16,2016-04-12,0021501212,NYK,NYK @ IND,L,True,2016-04-03,33,40,-4.1,-5.6,-1.5,3,Carmelo Anthony; Jose Calderon; Kristaps Porziņģis,high-minute-player absence spike
2015-16,2016-04-13,0021501218,BKN,BKN vs. TOR,L,True,2016-03-22,22,40,-6.0,-14.4,-8.4,4,Brook Lopez; Jarrett Jack; Joe Johnson; Thaddeus Young,post-elimination point-differential drop; high-minute-player absence spike
2015-16,2016-04-13,0021501228,LAL,LAL vs. UTA,W,True,2016-03-22,17,33,-5.2,-13.2,-7.999999999999999,1,Lou Williams,post-elimination point-differential drop
2015-16,2016-04-13,0021501226,NOP,NOP @ MIN,L,True,2016-04-11,31,33,-4.1,,,6,Anthony Davis; Eric Gordon; Jrue Holiday; Norris Cole; Ryan Anderson; Tyreke Evans,high-minute-player absence spike
2016-17,2017-03-16,0021601016,BKN,BKN @ NYK,W,True,2017-03-12,28,32,-7.1,,,3,Bojan Bogdanovic; Sean Kilpatrick; Trevor Booker,high-minute-player absence spike
2016-17,2017-03-17,0021601022,BKN,BKN vs. BOS,L,True,2017-03-12,28,32,-7.1,,,3,Bojan Bogdanovic; Sean Kilpatrick; Trevor Booker,high-minute-player absence spike
2016-17,2017-03-19,0021601036,BKN,BKN vs. DAL,L,True,2017-03-12,27,33,-7.1,-1.8,5.3,3,Bojan Bogdanovic; Sean Kilpatrick; Trevor Booker,high-minute-player absence spike
2016-17,2017-03-28,0021601110,LAL,LAL vs. WAS,L,True,2017-03-28,30,31,-10.6,,,4,Brandon Ingram; Lou Williams; Luol Deng; Nick Young,high-minute-player absence spike
2016-17,2017-03-28,0021601106,PHX,PHX @ ATL,L,True,2017-03-28,30,31,-11.5,,,4,Devin Booker; Eric Bledsoe; P.J. Tucker; Tyson Chandler,high-minute-player absence spike
2016-17,2017-03-30,0021601123,LAL,LAL @ MIN,L,True,2017-03-28,29,32,-10.6,,,4,Brandon Ingram; Lou Williams; Luol Deng; Nick Young,high-minute-player absence spike
2016-17,2017-03-30,0021601124,PHX,PHX vs. LAC,L,True,2017-03-28,29,32,-11.5,,,3,Eric Bledsoe; P.J. Tucker; Tyson Chandler,high-minute-player absence spike
2016-17,2017-04-01,0021601137,LAL,LAL @ LAC,L,True,2017-03-28,28,33,-10.6,,,3,Lou Williams; Luol Deng; Nick Young,high-minute-player absence spike
2016-17,2017-04-01,0021601141,PHX,PHX @ POR,L,True,2017-03-28,28,33,-11.5,,,3,Eric Bledsoe; P.J. Tucker; Tyson Chandler,high-minute-player absence spike
2016-17,2017-04-02,0021601143,LAL,LAL vs. MEM,W,True,2017-03-28,27,33,-10.6,,,3,Lou Williams; Luol Deng; Nick Young,high-minute-player absence spike
2016-17,2017-04-02,0021601153,PHX,PHX vs. HOU,L,True,2017-03-28,27,33,-11.5,,,4,Eric Bledsoe; P.J. Tucker; T.J. Warren; Tyson Chandler,high-minute-player absence spike
2016-17,2017-04-04,0021601160,NYK,NYK vs. CHI,W,True,2017-04-04,34,36,-5.9,,,3,Brandon Jennings; Derrick Rose; Kristaps Porziņģis,high-minute-player absence spike
2016-17,2017-04-05,0021601170,LAL,LAL @ SAS,W,True,2017-03-28,27,33,-10.6,-5.0,5.6,4,D'Angelo Russell; Lou Williams; Luol Deng; Nick Young,high-minute-player absence spike
2016-17,2017-04-05,0021601171,PHX,PHX vs. GSW,L,True,2017-03-28,26,33,-11.5,-7.8,3.7,3,Eric Bledsoe; P.J. Tucker; Tyson Chandler,high-minute-player absence spike
2016-17,2017-04-06,0021601174,BKN,BKN @ ORL,L,True,2017-03-12,23,36,-7.1,6.6,13.7,3,Bojan Bogdanovic; Sean Kilpatrick; Trevor Booker,high-minute-player absence spike
2016-17,2017-04-06,0021601176,NYK,NYK vs. WAS,L,True,2017-04-04,34,36,-5.9,,,3,Brandon Jennings; Derrick Rose; Kristaps Porziņģis,high-minute-player absence spike
2016-17,2017-04-07,0021601187,LAL,LAL vs. SAC,W,True,2017-03-28,27,33,-10.6,-2.0,8.6,3,Lou Williams; Luol Deng; Nick Young,high-minute-player absence spike
2016-17,2017-04-07,0021601181,NYK,NYK @ MEM,L,True,2017-04-04,33,36,-5.9,,,4,Brandon Jennings; Carmelo Anthony; Derrick Rose; Kristaps Porziņģis,high-minute-player absence spike
2016-17,2017-04-07,0021601186,PHX,PHX vs. OKC,W,True,2017-03-28,25,33,-11.5,-2.8,8.7,3,Eric Bledsoe; P.J. Tucker; Tyson Chandler,high-minute-player absence spike
2016-17,2017-04-09,0021601202,LAL,LAL vs. MIN,W,True,2017-03-28,27,33,-10.6,1.2,11.799999999999999,3,Lou Williams; Luol Deng; Nick Young,high-minute-player absence spike
2016-17,2017-04-09,0021601196,NYK,NYK vs. TOR,L,True,2017-04-04,32,36,-5.9,,,4,Brandon Jennings; Carmelo Anthony; Derrick Rose; Kristaps Porziņģis,high-minute-player absence spike
2016-17,2017-04-09,0021601199,PHX,PHX vs. DAL,W,True,2017-03-28,25,33,-11.5,1.0,12.5,3,Eric Bledsoe; P.J. Tucker; Tyson Chandler,high-minute-player absence spike
2016-17,2017-04-10,0021601204,BKN,BKN @ BOS,L,True,2017-03-12,22,37,-7.1,3.2,10.3,3,Bojan Bogdanovic; Sean Kilpatrick; Trevor Booker,high-minute-player absence spike
2016-17,2017-04-10,0021601206,ORL,ORL @ CHI,L,True,2017-03-31,30,37,-8.4,-16.8,-8.4,1,Serge Ibaka,post-elimination point-differential drop
2016-17,2017-04-10,0021601203,PHI,PHI vs. IND,L,True,2017-04-02,30,37,-0.4,-12.0,-11.6,3,Ersan Ilyasova; Joel Embiid; Robert Covington,post-elimination point-differential drop
2016-17,2017-04-11,0021601215,LAL,LAL vs. NOP,W,True,2017-03-28,27,33,-10.6,5.8,16.4,4,D'Angelo Russell; Lou Williams; Luol Deng; Nick Young,high-minute-player absence spike
2016-17,2017-04-11,0021601216,PHX,PHX @ SAC,L,True,2017-03-28,25,33,-11.5,-1.4,10.1,4,Devin Booker; Eric Bledsoe; P.J. Tucker; Tyson Chandler,high-minute-player absence spike
2016-17,2017-04-12,0021601222,BKN,BKN @ CHI,L,True,2017-03-12,21,37,-7.1,-6.4,0.6999999999999993,4,Bojan Bogdanovic; Brook Lopez; Sean Kilpatrick; Trevor Booker,high-minute-player absence spike
2016-17,2017-04-12,0021601229,LAL,LAL @ GSW,L,True,2017-03-28,27,33,-10.6,1.8,12.4,4,D'Angelo Russell; Lou Williams; Luol Deng; Nick Young,high-minute-player absence spike
2016-17,2017-04-12,0021601220,NYK,NYK vs. PHI,W,True,2017-04-04,31,37,-5.9,-3.8,2.1000000000000005,3,Brandon Jennings; Derrick Rose; Kristaps Porziņģis,high-minute-player absence spike
2016-17,2017-04-12,0021601217,ORL,ORL vs. DET,W,True,2017-03-31,29,37,-8.4,-14.0,-5.6,1,Serge Ibaka,post-elimination point-differential drop
2016-17,2017-04-12,0021601220,PHI,PHI @ NYK,L,True,2017-04-02,29,37,-0.4,-10.6,-10.2,4,Dario Saric; Ersan Ilyasova; Joel Embiid; Robert Covington,post-elimination point-differential drop; high-minute-player absence spike
2017-18,2018-03-20,0021701063,PHX,PHX vs. DET,L,True,2018-03-10,30,37,-12.9,-19.8,-6.9,3,Devin Booker; T.J. Warren; Tyson Chandler,post-elimination point-differential drop
2017-18,2018-03-22,0021701077,SAC,SAC vs. ATL,W,True,2018-03-14,33,38,-7.7,0.4,8.1,3,Garrett Temple; George Hill; Zach Randolph,high-minute-player absence spike
2017-18,2018-03-23,0021701080,PHX,PHX @ CLE,L,True,2018-03-10,29,38,-12.9,-23.4,-10.499999999999998,3,Devin Booker; T.J. Warren; Tyson Chandler,post-elimination point-differential drop
2017-18,2018-03-24,0021701093,DAL,DAL vs. CHA,L,True,2018-03-16,32,38,-1.4,-7.2,-5.800000000000001,1,Wesley Matthews,post-elimination point-differential drop
2017-18,2018-03-24,0021701090,ORL,ORL vs. PHX,W,True,2018-03-24,31,32,-8.5,,,4,Elfrid Payton; Evan Fournier; Jonathon Simmons; Terrence Ross,high-minute-player absence spike
2017-18,2018-03-24,0021701090,PHX,PHX @ ORL,L,True,2018-03-10,28,38,-12.9,-20.2,-7.299999999999999,3,Devin Booker; T.J. Warren; Tyson Chandler,post-elimination point-differential drop
2017-18,2018-03-25,0021701101,ATL,ATL @ HOU,L,True,2018-03-23,30,33,-9.1,,,3,Dennis Schröder; Ersan Ilyasova; Kent Bazemore,high-minute-player absence spike
2017-18,2018-03-25,0021701099,SAC,SAC vs. BOS,L,True,2018-03-14,33,38,-7.7,-2.6,5.1,3,Garrett Temple; George Hill; Zach Randolph,high-minute-player absence spike
2017-18,2018-03-27,0021701113,SAC,SAC vs. DAL,L,True,2018-03-14,32,39,-7.7,-4.8,2.9000000000000004,3,Garrett Temple; George Hill; Zach Randolph,high-minute-player absence spike
2017-18,2018-03-28,0021701120,ATL,ATL @ MIN,L,True,2018-03-23,29,34,-9.1,,,3,Dennis Schröder; Ersan Ilyasova; Kent Bazemore,high-minute-player absence spike
2017-18,2018-03-28,0021701117,ORL,ORL vs. BKN,L,True,2018-03-24,31,34,-8.5,,,4,Elfrid Payton; Evan Fournier; Jonathon Simmons; Terrence Ross,high-minute-player absence spike
2017-18,2018-03-28,0021701122,PHX,PHX vs. LAC,L,True,2018-03-10,26,40,-12.9,-15.6,-2.6999999999999993,4,Devin Booker; Elfrid Payton; T.J. Warren; Tyson Chandler,high-minute-player absence spike
2017-18,2018-03-29,0021701127,SAC,SAC vs. IND,L,True,2018-03-14,31,40,-7.7,-4.2,3.5,3,Garrett Temple; George Hill; Zach Randolph,high-minute-player absence spike
2017-18,2018-03-30,0021701130,ATL,ATL vs. PHI,L,True,2018-03-23,28,34,-9.1,,,3,Dennis Schröder; Ersan Ilyasova; Kent Bazemore,high-minute-player absence spike
2017-18,2018-03-30,0021701129,ORL,ORL vs. CHI,L,True,2018-03-24,30,34,-8.5,,,4,Elfrid Payton; Evan Fournier; Jonathon Simmons; Terrence Ross,high-minute-player absence spike
2017-18,2018-03-30,0021701132,PHX,PHX @ HOU,L,True,2018-03-10,25,40,-12.9,-10.4,2.5,4,Devin Booker; Elfrid Payton; T.J. Warren; Tyson Chandler,high-minute-player absence spike
2017-18,2018-03-31,0021701139,NYK,NYK vs. DET,L,True,2018-03-31,33,34,-5.3,,,4,Courtney Lee; Enes Freedom; Jarrett Jack; Kristaps Porziņģis,high-minute-player absence spike
2017-18,2018-03-31,0021701142,SAC,SAC vs. GSW,L,True,2018-03-14,30,41,-7.7,-4.2,3.5,3,Garrett Temple; George Hill; Zach Randolph,high-minute-player absence spike
2017-18,2018-04-01,0021701147,ATL,ATL vs. ORL,W,True,2018-03-23,27,34,-9.1,-9.4,-0.3000000000000007,3,Dennis Schröder; Ersan Ilyasova; Kent Bazemore,high-minute-player absence spike
2017-18,2018-04-01,0021701147,ORL,ORL @ ATL,L,True,2018-03-24,29,34,-8.5,,,4,Elfrid Payton; Evan Fournier; Jonathon Simmons; Terrence Ross,high-minute-player absence spike
2017-18,2018-04-01,0021701153,PHX,PHX @ GSW,L,True,2018-03-10,24,41,-12.9,-7.4,5.5,4,Devin Booker; Elfrid Payton; T.J. Warren; Tyson Chandler,high-minute-player absence spike
2017-18,2018-04-01,0021701155,SAC,SAC @ LAL,W,True,2018-03-14,29,41,-7.7,-7.0,0.7000000000000002,3,Garrett Temple; George Hill; Zach Randolph,high-minute-player absence spike
2017-18,2018-04-03,0021701158,ATL,ATL @ MIA,L,True,2018-03-23,27,34,-9.1,-7.6,1.5,4,Dennis Schröder; Dewayne Dedmon; Ersan Ilyasova; Kent Bazemore,high-minute-player absence spike
2017-18,2018-04-03,0021701160,CHI,CHI vs. CHA,W,True,2018-03-27,31,34,-9.6,-2.0,7.6,5,Denzel Valentine; Kris Dunn; Nikola Mirotic; Robin Lopez; Zach LaVine,high-minute-player absence spike
2017-18,2018-04-03,0021701159,ORL,ORL @ NYK,W,True,2018-03-24,28,34,-8.5,1.8,10.3,4,Elfrid Payton; Evan Fournier; Jonathon Simmons; Terrence Ross,high-minute-player absence spike
2017-18,2018-04-03,0021701167,PHX,PHX vs. SAC,W,True,2018-03-10,23,41,-12.9,-5.6,7.300000000000001,4,Devin Booker; Elfrid Payton; T.J. Warren; Tyson Chandler,high-minute-player absence spike
2017-18,2018-04-03,0021701167,SAC,SAC @ PHX,L,True,2018-03-14,29,41,-7.7,-5.4,2.3,3,Garrett Temple; George Hill; Zach Randolph,high-minute-player absence spike
2017-18,2018-04-04,0021701172,ATL,ATL vs. MIA,L,True,2018-03-23,26,34,-9.1,-9.6,-0.5,3,Dennis Schröder; Ersan Ilyasova; Kent Bazemore,high-minute-player absence spike
2017-18,2018-04-04,0021701170,DAL,DAL @ ORL,L,True,2018-03-16,28,42,-1.4,-4.2,-2.8000000000000003,4,Dennis Smith Jr.; Dirk Nowitzki; Harrison Barnes; Wesley Matthews,high-minute-player absence spike
2017-18,2018-04-04,0021701170,ORL,ORL vs. DAL,W,True,2018-03-24,28,34,-8.5,1.6,10.1,5,Elfrid Payton; Evan Fournier; Jonathon Simmons; Nikola Vučević; Terrence Ross,high-minute-player absence spike
2017-18,2018-04-06,0021701184,ATL,ATL @ WAS,W,True,2018-03-23,25,34,-9.1,-6.0,3.0999999999999996,3,Dennis Schröder; Ersan Ilyasova; Kent Bazemore,high-minute-player absence spike
2017-18,2018-04-06,0021701185,CHI,CHI @ BOS,L,True,2018-03-27,31,34,-9.6,3.0,12.6,5,Denzel Valentine; Kris Dunn; Nikola Mirotic; Robin Lopez; Zach LaVine,high-minute-player absence spike
2017-18,2018-04-06,0021701188,MEM,MEM vs. SAC,L,True,2018-03-12,25,42,-14.3,-9.8,4.5,4,JaMychal Green; Marc Gasol; Mike Conley; Tyreke Evans,high-minute-player absence spike
2017-18,2018-04-06,0021701182,ORL,ORL vs. CHA,L,True,2018-03-24,28,34,-8.5,-4.4,4.1,6,Aaron Gordon; Elfrid Payton; Evan Fournier; Jonathon Simmons; Nikola Vučević; Terrence Ross,high-minute-player absence spike
2017-18,2018-04-06,0021701189,PHX,PHX vs. NOP,L,True,2018-03-10,23,42,-12.9,-7.8,5.1000000000000005,4,Devin Booker; Elfrid Payton; T.J. Warren; Tyson Chandler,high-minute-player absence spike
2017-18,2018-04-06,0021701188,SAC,SAC @ MEM,W,True,2018-03-14,28,42,-7.7,-4.0,3.7,3,Garrett Temple; George Hill; Zach Randolph,high-minute-player absence spike
2017-18,2018-04-07,0021701193,CHI,CHI vs. BKN,L,True,2018-03-27,30,35,-9.6,-0.4,9.2,6,Denzel Valentine; Kris Dunn; Lauri Markkanen; Nikola Mirotic; Robin Lopez; Zach LaVine,high-minute-player absence spike
2017-18,2018-04-08,0021701202,ATL,ATL @ BOS,W,True,2018-03-23,25,35,-9.1,-2.8,6.3,3,Dennis Schröder; Ersan Ilyasova; Kent Bazemore,high-minute-player absence spike
2017-18,2018-04-08,0021701201,LAL,LAL vs. UTA,L,True,2018-04-01,37,42,0.7,-6.0,-6.7,4,Brandon Ingram; Isaiah Thomas; Kyle Kuzma; Lonzo Ball,post-elimination point-differential drop; high-minute-player absence spike
2017-18,2018-04-08,0021701203,PHX,PHX vs. GSW,L,True,2018-03-10,22,42,-12.9,-8.8,4.1,4,Devin Booker; Elfrid Payton; T.J. Warren; Tyson Chandler,high-minute-player absence spike
2017-18,2018-04-09,0021701205,BKN,BKN vs. CHI,W,True,2018-03-25,29,35,-4.2,1.4,5.6,3,Caris LeVert; DeMarre Carroll; Joe Harris,high-minute-player absence spike
2017-18,2018-04-09,0021701205,CHI,CHI @ BKN,L,True,2018-03-27,29,35,-9.6,-3.8,5.8,5,Denzel Valentine; Kris Dunn; Nikola Mirotic; Robin Lopez; Zach LaVine,high-minute-player absence spike
2017-18,2018-04-09,0021701209,MEM,MEM @ MIN,L,True,2018-03-12,24,42,-14.3,-10.0,4.300000000000001,4,JaMychal Green; Marc Gasol; Mike Conley; Tyreke Evans,high-minute-player absence spike
2017-18,2018-04-09,0021701208,ORL,ORL @ MIL,L,True,2018-03-24,26,35,-8.5,-7.0,1.5,4,Elfrid Payton; Evan Fournier; Jonathon Simmons; Terrence Ross,high-minute-player absence spike
2017-18,2018-04-09,0021701210,SAC,SAC @ SAS,L,True,2018-03-14,28,42,-7.7,-6.0,1.7000000000000002,3,Garrett Temple; George Hill; Zach Randolph,high-minute-player absence spike
2017-18,2018-04-10,0021701214,ATL,ATL vs. PHI,L,True,2018-03-23,25,35,-9.1,-5.6,3.5,3,Dennis Schröder; Ersan Ilyasova; Kent Bazemore,high-minute-player absence spike
2017-18,2018-04-10,0021701216,DAL,DAL vs. PHX,L,True,2018-03-16,25,42,-1.4,-9.0,-7.6,4,Dennis Smith Jr.; Dirk Nowitzki; Harrison Barnes; Wesley Matthews,post-elimination point-differential drop; high-minute-player absence spike
2017-18,2018-04-10,0021701218,LAL,LAL vs. HOU,L,True,2018-04-01,36,42,0.7,-7.0,-7.7,4,Brandon Ingram; Isaiah Thomas; Kyle Kuzma; Lonzo Ball,post-elimination point-differential drop; high-minute-player absence spike
2017-18,2018-04-10,0021701216,PHX,PHX @ DAL,W,True,2018-03-10,21,42,-12.9,-3.2,9.7,4,Devin Booker; Elfrid Payton; T.J. Warren; Tyson Chandler,high-minute-player absence spike
2017-18,2018-04-11,0021701219,BKN,BKN @ BOS,L,True,2018-03-25,29,36,-4.2,1.2,5.4,3,DeMarre Carroll; Joe Harris; Spencer Dinwiddie,high-minute-player absence spike
2017-18,2018-04-11,0021701224,CHI,CHI vs. DET,L,True,2018-03-27,28,36,-9.6,-14.0,-4.4,6,Denzel Valentine; Justin Holiday; Kris Dunn; Nikola Mirotic; Robin Lopez; Zach LaVine,high-minute-player absence spike
2017-18,2018-04-11,0021701228,LAL,LAL @ LAC,W,True,2018-04-01,35,42,0.7,-2.6,-3.3,4,Brandon Ingram; Isaiah Thomas; Kyle Kuzma; Lonzo Ball,high-minute-player absence spike
2017-18,2018-04-11,0021701227,MEM,MEM @ OKC,L,True,2018-03-12,23,42,-14.3,-9.8,4.5,4,JaMychal Green; Marc Gasol; Mike Conley; Tyreke Evans,high-minute-player absence spike
2017-18,2018-04-11,0021701220,NYK,NYK @ CLE,W,True,2018-03-31,29,36,-5.3,-3.0,2.3,4,Courtney Lee; Enes Freedom; Kristaps Porziņģis; Tim Hardaway Jr.,high-minute-player absence spike
2017-18,2018-04-11,0021701230,SAC,SAC vs. HOU,W,True,2018-03-14,27,42,-7.7,-0.2,7.5,3,Garrett Temple; George Hill; Zach Randolph,high-minute-player absence spike
2018-19,2019-03-17,0021801042,NYK,NYK vs. LAL,W,True,2019-03-09,26,32,-4.3,-9.8,-5.500000000000001,4,Dennis Smith Jr.; Enes Freedom; Noah Vonleh; Tim Hardaway Jr.,post-elimination point-differential drop; high-minute-player absence spike
2018-19,2019-03-18,0021801050,CLE,CLE vs. DET,W,True,2019-03-14,29,33,-1.4,,,6,Alec Burks; George Hill; Kevin Love; Larry Nance Jr.; Rodney Hood; Tristan Thompson,high-minute-player absence spike
2018-19,2019-03-18,0021801053,NYK,NYK @ TOR,L,True,2019-03-09,26,33,-4.3,-15.4,-11.100000000000001,4,Dennis Smith Jr.; Enes Freedom; Noah Vonleh; Tim Hardaway Jr.,post-elimination point-differential drop; high-minute-player absence spike
2018-19,2019-03-20,0021801069,CHI,CHI vs. WAS,W,True,2019-03-17,30,34,-6.9,,,6,Bobby Portis; Jabari Parker; Justin Holiday; Otto Porter Jr.; Wendell Carter Jr.; Zach LaVine,high-minute-player absence spike
2018-19,2019-03-20,0021801066,NOP,NOP @ ORL,L,True,2019-03-20,40,41,-4.7,,,4,Anthony Davis; E'Twaun Moore; Jrue Holiday; Nikola Mirotic,high-minute-player absence spike
2018-19,2019-03-20,0021801068,NYK,NYK vs. UTA,L,True,2019-03-09,25,34,-4.3,-17.4,-13.099999999999998,4,Dennis Smith Jr.; Enes Freedom; Noah Vonleh; Tim Hardaway Jr.,post-elimination point-differential drop; high-minute-player absence spike
2018-19,2019-03-21,0021801078,DAL,DAL @ SAC,L,True,2019-03-20,39,42,-8.2,,,5,DeAndre Jordan; Dennis Smith Jr.; Harrison Barnes; Tim Hardaway Jr.; Wesley Matthews,high-minute-player absence spike
2018-19,2019-03-22,0021801082,NYK,NYK vs. DEN,L,True,2019-03-09,24,35,-4.3,-20.0,-15.7,4,Dennis Smith Jr.; Enes Freedom; Noah Vonleh; Tim Hardaway Jr.,post-elimination point-differential drop; high-minute-player absence spike
2018-19,2019-03-23,0021801090,CHI,CHI vs. UTA,L,True,2019-03-17,30,35,-6.9,,,6,Bobby Portis; Jabari Parker; Justin Holiday; Otto Porter Jr.; Wendell Carter Jr.; Zach LaVine,high-minute-player absence spike
2018-19,2019-03-23,0021801092,DAL,DAL @ GSW,W,True,2019-03-20,38,42,-8.2,,,5,DeAndre Jordan; Dennis Smith Jr.; Harrison Barnes; Tim Hardaway Jr.; Wesley Matthews,high-minute-player absence spike
2018-19,2019-03-23,0021801094,PHX,PHX @ SAC,L,True,2019-02-25,26,42,-12.9,-9.6,3.3000000000000007,5,Isaiah Canaan; Josh Jackson; Kelly Oubre Jr.; T.J. Warren; Trevor Ariza,high-minute-player absence spike
2018-19,2019-03-24,0021801095,NYK,NYK vs. LAC,L,True,2019-03-09,23,36,-4.3,-17.0,-12.7,4,Dennis Smith Jr.; Enes Freedom; Noah Vonleh; Tim Hardaway Jr.,post-elimination point-differential drop; high-minute-player absence spike
2018-19,2019-03-25,0021801105,PHX,PHX @ UTA,L,True,2019-02-25,25,43,-12.9,-15.0,-2.0999999999999996,5,Isaiah Canaan; Josh Jackson; Kelly Oubre Jr.; T.J. Warren; Trevor Ariza,high-minute-player absence spike
2018-19,2019-03-26,0021801110,CHI,CHI @ TOR,L,True,2019-03-17,29,36,-6.9,-9.2,-2.299999999999999,7,Bobby Portis; Jabari Parker; Justin Holiday; Kris Dunn; Otto Porter Jr.; Wendell Carter Jr.; Zach LaVine,high-minute-player absence spike
2018-19,2019-03-26,0021801114,DAL,DAL vs. SAC,L,True,2019-03-20,38,43,-8.2,,,5,DeAndre Jordan; Dennis Smith Jr.; Harrison Barnes; Tim Hardaway Jr.; Wesley Matthews,high-minute-player absence spike
2018-19,2019-03-26,0021801112,MIN,MIN vs. LAC,L,True,2019-03-26,42,43,-5.5,,,5,Derrick Rose; Jeff Teague; Jimmy Butler III; Robert Covington; Taj Gibson,high-minute-player absence spike
2018-19,2019-03-26,0021801113,NOP,NOP vs. ATL,L,True,2019-03-20,38,43,-4.7,,,4,Anthony Davis; E'Twaun Moore; Jrue Holiday; Nikola Mirotic,high-minute-player absence spike
2018-19,2019-03-27,0021801117,CHI,CHI vs. POR,L,True,2019-03-17,28,37,-6.9,-7.8,-0.8999999999999995,8,Bobby Portis; Jabari Parker; Justin Holiday; Kris Dunn; Lauri Markkanen; Otto Porter Jr.; Wendell Carter Jr.; Zach LaVine,high-minute-player absence spike
2018-19,2019-03-27,0021801121,LAL,LAL @ UTA,L,True,2019-03-24,41,43,-7.7,,,5,Brandon Ingram; Josh Hart; LeBron James; Lonzo Ball; Reggie Bullock Jr.,high-minute-player absence spike
2018-19,2019-03-27,0021801118,MEM,MEM vs. GSW,L,True,2019-03-20,38,43,2.3,-3.8,-6.1,5,Avery Bradley; Garrett Temple; Jaren Jackson Jr.; Kyle Anderson; Marc Gasol,post-elimination point-differential drop
2018-19,2019-03-27,0021801120,PHX,PHX vs. WAS,L,True,2019-02-25,24,43,-12.9,-16.0,-3.0999999999999996,5,Isaiah Canaan; Josh Jackson; Kelly Oubre Jr.; T.J. Warren; Trevor Ariza,high-minute-player absence spike
2018-19,2019-03-28,0021801129,CLE,CLE @ SAS,L,True,2019-03-14,26,37,-1.4,-7.0,-5.6,3,Alec Burks; George Hill; Rodney Hood,post-elimination point-differential drop
2018-19,2019-03-28,0021801124,DAL,DAL @ MIA,L,True,2019-03-20,37,43,-8.2,0.2,8.399999999999999,5,DeAndre Jordan; Dennis Smith Jr.; Harrison Barnes; Tim Hardaway Jr.; Wesley Matthews,high-minute-player absence spike
2018-19,2019-03-28,0021801128,NOP,NOP vs. SAC,W,True,2019-03-20,37,43,-4.7,,,4,Anthony Davis; E'Twaun Moore; Jrue Holiday; Nikola Mirotic,high-minute-player absence spike
2018-19,2019-03-28,0021801125,NYK,NYK vs. TOR,L,True,2019-03-09,22,37,-4.3,-22.2,-17.9,3,Enes Freedom; Noah Vonleh; Tim Hardaway Jr.,post-elimination point-differential drop
2018-19,2019-03-29,0021801132,MIN,MIN vs. GSW,W,True,2019-03-26,41,44,-5.5,,,5,Derrick Rose; Jeff Teague; Jimmy Butler III; Robert Covington; Taj Gibson,high-minute-player absence spike
2018-19,2019-03-30,0021801142,CHI,CHI vs. TOR,L,True,2019-03-17,27,37,-6.9,-15.4,-8.5,8,Bobby Portis; Jabari Parker; Justin Holiday; Kris Dunn; Lauri Markkanen; Otto Porter Jr.; Wendell Carter Jr.; Zach LaVine,post-elimination point-differential drop; high-minute-player absence spike
2018-19,2019-03-30,0021801136,CLE,CLE @ LAC,L,True,2019-03-14,25,37,-1.4,-12.8,-11.4,4,Alec Burks; George Hill; Kevin Love; Rodney Hood,post-elimination point-differential drop
2018-19,2019-03-30,0021801144,MEM,MEM @ PHX,W,True,2019-03-20,37,44,2.3,-3.0,-5.3,5,Avery Bradley; Garrett Temple; Jaren Jackson Jr.; Kyle Anderson; Marc Gasol,post-elimination point-differential drop
2018-19,2019-03-30,0021801143,MIN,MIN vs. PHI,L,True,2019-03-26,41,44,-5.5,,,5,Derrick Rose; Jeff Teague; Jimmy Butler III; Robert Covington; Taj Gibson,high-minute-player absence spike
2018-19,2019-03-30,0021801141,NYK,NYK vs. MIA,L,True,2019-03-09,21,37,-4.3,-16.6,-12.3,3,Enes Freedom; Noah Vonleh; Tim Hardaway Jr.,post-elimination point-differential drop
2018-19,2019-03-31,0021801146,DAL,DAL @ OKC,W,True,2019-03-20,36,44,-8.2,2.4,10.6,6,DeAndre Jordan; Dennis Smith Jr.; Harrison Barnes; Luka Dončić; Tim Hardaway Jr.; Wesley Matthews,high-minute-player absence spike
2018-19,2019-03-31,0021801147,LAL,LAL @ NOP,W,True,2019-03-24,40,44,-7.7,10.0,17.7,5,Brandon Ingram; Josh Hart; Kyle Kuzma; LeBron James; Lonzo Ball,high-minute-player absence spike
2018-19,2019-03-31,0021801151,MEM,MEM @ LAC,L,True,2019-03-20,37,44,2.3,-5.6,-7.8999999999999995,6,Avery Bradley; Garrett Temple; Jaren Jackson Jr.; Kyle Anderson; Marc Gasol; Mike Conley,post-elimination point-differential drop
2018-19,2019-03-31,0021801147,NOP,NOP vs. LAL,L,True,2019-03-20,37,44,-4.7,-16.2,-11.5,5,Anthony Davis; Darius Miller; E'Twaun Moore; Jrue Holiday; Nikola Mirotic,post-elimination point-differential drop; high-minute-player absence spike
2018-19,2019-04-01,0021801155,CHI,CHI @ NYK,L,True,2019-03-17,26,38,-6.9,-18.2,-11.299999999999999,8,Bobby Portis; Jabari Parker; Justin Holiday; Kris Dunn; Lauri Markkanen; Otto Porter Jr.; Wendell Carter Jr.; Zach LaVine,post-elimination point-differential drop; high-minute-player absence spike
2018-19,2019-04-01,0021801160,CLE,CLE @ PHX,L,True,2019-03-14,24,38,-1.4,-14.2,-12.799999999999999,4,Alec Burks; George Hill; Kevin Love; Rodney Hood,post-elimination point-differential drop
2018-19,2019-04-01,0021801158,DAL,DAL vs. PHI,W,True,2019-03-20,36,44,-8.2,9.6,17.799999999999997,6,DeAndre Jordan; Dennis Smith Jr.; Harrison Barnes; Luka Dončić; Tim Hardaway Jr.; Wesley Matthews,high-minute-player absence spike
2018-19,2019-04-01,0021801157,MIN,MIN vs. POR,L,True,2019-03-26,40,44,-5.5,,,5,Derrick Rose; Jeff Teague; Jimmy Butler III; Robert Covington; Taj Gibson,high-minute-player absence spike
2018-19,2019-04-01,0021801155,NYK,NYK vs. CHI,W,True,2019-03-09,20,38,-4.3,-10.8,-6.500000000000001,4,Dennis Smith Jr.; Enes Freedom; Noah Vonleh; Tim Hardaway Jr.,post-elimination point-differential drop; high-minute-player absence spike
2018-19,2019-04-01,0021801160,PHX,PHX vs. CLE,W,True,2019-02-25,22,44,-12.9,-8.2,4.700000000000001,5,Deandre Ayton; Isaiah Canaan; Kelly Oubre Jr.; T.J. Warren; Trevor Ariza,high-minute-player absence spike
2018-19,2019-04-02,0021801161,LAL,LAL @ OKC,L,True,2019-03-24,40,44,-7.7,5.8,13.5,5,Brandon Ingram; Josh Hart; Kyle Kuzma; LeBron James; Lonzo Ball,high-minute-player absence spike
2018-19,2019-04-03,0021801167,CHI,CHI @ WAS,W,True,2019-03-17,25,38,-6.9,-11.8,-4.9,8,Bobby Portis; Jabari Parker; Justin Holiday; Kris Dunn; Lauri Markkanen; Otto Porter Jr.; Wendell Carter Jr.; Zach LaVine,high-minute-player absence spike
2018-19,2019-04-03,0021801172,DAL,DAL vs. MIN,L,True,2019-03-20,36,45,-8.2,2.2,10.399999999999999,6,DeAndre Jordan; Dennis Smith Jr.; Dorian Finney-Smith; Harrison Barnes; Tim Hardaway Jr.; Wesley Matthews,high-minute-player absence spike
2018-19,2019-04-03,0021801175,MEM,MEM @ POR,L,True,2019-03-20,36,45,2.3,-8.4,-10.7,7,Avery Bradley; Garrett Temple; Jaren Jackson Jr.; Jonas Valančiūnas; Kyle Anderson; Marc Gasol; Mike Conley,post-elimination point-differential drop; high-minute-player absence spike
2018-19,2019-04-03,0021801172,MIN,MIN @ DAL,W,True,2019-03-26,39,45,-5.5,-5.4,0.09999999999999964,5,Derrick Rose; Jeff Teague; Jimmy Butler III; Robert Covington; Taj Gibson,high-minute-player absence spike
2018-19,2019-04-03,0021801171,NOP,NOP vs. CHA,L,True,2019-03-20,36,45,-4.7,-12.8,-8.100000000000001,5,Anthony Davis; Darius Miller; E'Twaun Moore; Jrue Holiday; Nikola Mirotic,post-elimination point-differential drop; high-minute-player absence spike
2018-19,2019-04-03,0021801166,NYK,NYK @ ORL,L,True,2019-03-09,20,38,-4.3,-10.0,-5.7,4,Dennis Smith Jr.; Enes Freedom; Noah Vonleh; Tim Hardaway Jr.,post-elimination point-differential drop; high-minute-player absence spike
2018-19,2019-04-03,0021801174,PHX,PHX vs. UTA,L,True,2019-02-25,22,45,-12.9,-10.6,2.3000000000000007,5,Deandre Ayton; Isaiah Canaan; Kelly Oubre Jr.; T.J. Warren; Trevor Ariza,high-minute-player absence spike
2018-19,2019-04-04,0021801178,CLE,CLE @ SAC,L,True,2019-03-14,23,39,-1.4,-12.4,-11.0,5,Alec Burks; George Hill; Kevin Love; Rodney Hood; Tristan Thompson,post-elimination point-differential drop
2018-19,2019-04-04,0021801179,LAL,LAL vs. GSW,L,True,2019-03-24,39,45,-7.7,-1.4,6.300000000000001,6,Brandon Ingram; Josh Hart; Kyle Kuzma; LeBron James; Lonzo Ball; Reggie Bullock Jr.,high-minute-player absence spike
2018-19,2019-04-05,0021801181,ATL,ATL @ ORL,L,True,2019-03-21,32,39,-1.4,-10.6,-9.2,3,Dewayne Dedmon; Kent Bazemore; Kevin Huerter,post-elimination point-differential drop
2018-19,2019-04-05,0021801191,CLE,CLE @ GSW,L,True,2019-03-14,22,39,-1.4,-11.6,-10.2,4,Alec Burks; George Hill; Kevin Love; Rodney Hood,post-elimination point-differential drop
2018-19,2019-04-05,0021801187,DAL,DAL vs. MEM,L,True,2019-03-20,35,45,-8.2,1.0,9.2,6,DeAndre Jordan; Dennis Smith Jr.; Harrison Barnes; Luka Dončić; Tim Hardaway Jr.; Wesley Matthews,high-minute-player absence spike
2018-19,2019-04-05,0021801192,LAL,LAL @ LAC,W,True,2019-03-24,38,45,-7.7,2.6,10.3,6,Brandon Ingram; Josh Hart; Kyle Kuzma; LeBron James; Lonzo Ball; Reggie Bullock Jr.,high-minute-player absence spike
2018-19,2019-04-05,0021801187,MEM,MEM @ DAL,W,True,2019-03-20,35,45,2.3,-8.8,-11.100000000000001,7,Avery Bradley; Garrett Temple; Jaren Jackson Jr.; Jonas Valančiūnas; Kyle Anderson; Marc Gasol; Mike Conley,post-elimination point-differential drop; high-minute-player absence spike
2018-19,2019-04-05,0021801185,MIN,MIN vs. MIA,W,True,2019-03-26,39,45,-5.5,-2.8,2.7,5,Derrick Rose; Jeff Teague; Jimmy Butler III; Robert Covington; Taj Gibson,high-minute-player absence spike
2018-19,2019-04-05,0021801189,NOP,NOP @ PHX,L,True,2019-03-20,35,45,-4.7,-9.6,-4.8999999999999995,5,Anthony Davis; Darius Miller; E'Twaun Moore; Jrue Holiday; Nikola Mirotic,high-minute-player absence spike
2018-19,2019-04-05,0021801184,NYK,NYK @ HOU,L,True,2019-03-09,19,39,-4.3,-12.6,-8.3,5,Dennis Smith Jr.; Emmanuel Mudiay; Enes Freedom; Noah Vonleh; Tim Hardaway Jr.,post-elimination point-differential drop; high-minute-player absence spike
2018-19,2019-04-05,0021801189,PHX,PHX vs. NOP,W,True,2019-02-25,21,45,-12.9,-2.6,10.3,6,Deandre Ayton; Devin Booker; Isaiah Canaan; Kelly Oubre Jr.; T.J. Warren; Trevor Ariza,high-minute-player absence spike
2018-19,2019-04-06,0021801194,CHI,CHI vs. PHI,L,True,2019-03-17,25,39,-6.9,-14.0,-7.1,8,Bobby Portis; Jabari Parker; Justin Holiday; Kris Dunn; Lauri Markkanen; Otto Porter Jr.; Wendell Carter Jr.; Zach LaVine,post-elimination point-differential drop; high-minute-player absence spike
2018-19,2019-04-07,0021801202,ATL,ATL @ MIL,L,True,2019-03-21,31,39,-1.4,-8.2,-6.799999999999999,3,Dewayne Dedmon; John Collins; Trae Young,post-elimination point-differential drop
2018-19,2019-04-07,0021801196,CLE,CLE vs. SAS,L,True,2019-03-14,21,39,-1.4,-14.8,-13.4,4,Alec Burks; George Hill; Rodney Hood; Tristan Thompson,post-elimination point-differential drop
2018-19,2019-04-07,0021801201,DAL,DAL @ MEM,W,True,2019-03-20,34,46,-8.2,2.6,10.799999999999999,6,DeAndre Jordan; Dennis Smith Jr.; Harrison Barnes; Luka Dončić; Tim Hardaway Jr.; Wesley Matthews,high-minute-player absence spike
2018-19,2019-04-07,0021801208,LAL,LAL vs. UTA,W,True,2019-03-24,38,46,-7.7,0.6,8.3,7,Brandon Ingram; Josh Hart; Kyle Kuzma; LeBron James; Lonzo Ball; Rajon Rondo; Reggie Bullock Jr.,high-minute-player absence spike
2018-19,2019-04-07,0021801201,MEM,MEM vs. DAL,L,True,2019-03-20,35,46,2.3,-6.2,-8.5,7,Avery Bradley; Garrett Temple; Jaren Jackson Jr.; Jonas Valančiūnas; Kyle Anderson; Marc Gasol; Mike Conley,post-elimination point-differential drop; high-minute-player absence spike
2018-19,2019-04-07,0021801197,MIN,MIN vs. OKC,L,True,2019-03-26,39,46,-5.5,-4.2,1.2999999999999998,5,Derrick Rose; Jeff Teague; Jimmy Butler III; Robert Covington; Taj Gibson,high-minute-player absence spike
2018-19,2019-04-07,0021801207,NOP,NOP @ SAC,W,True,2019-03-20,34,46,-4.7,-6.8,-2.0999999999999996,6,Anthony Davis; Darius Miller; E'Twaun Moore; Jrue Holiday; Julius Randle; Nikola Mirotic,high-minute-player absence spike
2018-19,2019-04-07,0021801204,NYK,NYK vs. WAS,W,True,2019-03-09,18,39,-4.3,-7.0,-2.7,4,Emmanuel Mudiay; Enes Freedom; Noah Vonleh; Tim Hardaway Jr.,high-minute-player absence spike
2018-19,2019-04-07,0021801200,PHX,PHX @ HOU,L,True,2019-02-25,21,46,-12.9,-9.2,3.700000000000001,6,Deandre Ayton; Devin Booker; Isaiah Canaan; Kelly Oubre Jr.; T.J. Warren; Trevor Ariza,high-minute-player absence spike
2018-19,2019-04-07,0021801207,SAC,SAC vs. NOP,L,True,2019-03-31,41,46,2.0,-6.0,-8.0,1,Iman Shumpert,post-elimination point-differential drop
2018-19,2019-04-09,0021801213,CHI,CHI vs. NYK,L,True,2019-03-17,24,39,-6.9,-12.0,-5.1,8,Bobby Portis; Jabari Parker; Justin Holiday; Kris Dunn; Lauri Markkanen; Otto Porter Jr.; Wendell Carter Jr.; Zach LaVine,post-elimination point-differential drop; high-minute-player absence spike
2018-19,2019-04-09,0021801209,CLE,CLE vs. CHA,L,True,2019-03-14,20,39,-1.4,-15.4,-14.0,5,Alec Burks; George Hill; Kevin Love; Rodney Hood; Tristan Thompson,post-elimination point-differential drop
2018-19,2019-04-09,0021801216,DAL,DAL vs. PHX,W,True,2019-03-20,34,47,-8.2,4.2,12.399999999999999,5,DeAndre Jordan; Dennis Smith Jr.; Harrison Barnes; Tim Hardaway Jr.; Wesley Matthews,high-minute-player absence spike
2018-19,2019-04-09,0021801219,LAL,LAL vs. POR,L,True,2019-03-24,38,47,-7.7,-5.6,2.1000000000000005,7,Brandon Ingram; Josh Hart; Kyle Kuzma; LeBron James; Lonzo Ball; Rajon Rondo; Reggie Bullock Jr.,high-minute-player absence spike
2018-19,2019-04-09,0021801210,MEM,MEM @ DET,L,True,2019-03-20,34,47,2.3,-8.6,-10.899999999999999,7,Avery Bradley; Garrett Temple; Jaren Jackson Jr.; Jonas Valančiūnas; Kyle Anderson; Marc Gasol; Mike Conley,post-elimination point-differential drop; high-minute-player absence spike
2018-19,2019-04-09,0021801214,MIN,MIN vs. TOR,L,True,2019-03-26,38,47,-5.5,-6.4,-0.9000000000000004,6,Derrick Rose; Jeff Teague; Jimmy Butler III; Karl-Anthony Towns; Robert Covington; Taj Gibson,high-minute-player absence spike
2018-19,2019-04-09,0021801215,NOP,NOP vs. GSW,L,True,2019-03-20,34,47,-4.7,-9.2,-4.499999999999999,6,Anthony Davis; Darius Miller; E'Twaun Moore; Jrue Holiday; Julius Randle; Nikola Mirotic,high-minute-player absence spike
2018-19,2019-04-09,0021801213,NYK,NYK @ CHI,W,True,2019-03-09,18,39,-4.3,-3.4,0.8999999999999999,4,Emmanuel Mudiay; Enes Freedom; Noah Vonleh; Tim Hardaway Jr.,high-minute-player absence spike
2018-19,2019-04-09,0021801216,PHX,PHX @ DAL,L,True,2019-02-25,20,47,-12.9,-10.4,2.5,6,Deandre Ayton; Devin Booker; Isaiah Canaan; Kelly Oubre Jr.; T.J. Warren; Trevor Ariza,high-minute-player absence spike
2018-19,2019-04-10,0021801220,ATL,ATL vs. IND,L,True,2019-03-21,30,40,-1.4,-8.6,-7.199999999999999,1,Dewayne Dedmon,post-elimination point-differential drop
2018-19,2019-04-10,0021801224,CHI,CHI @ PHI,L,True,2019-03-17,23,40,-6.9,-10.6,-3.6999999999999993,8,Bobby Portis; Jabari Parker; Justin Holiday; Kris Dunn; Lauri Markkanen; Otto Porter Jr.; Wendell Carter Jr.; Zach LaVine,high-minute-player absence spike
2018-19,2019-04-10,0021801227,DAL,DAL @ SAS,L,True,2019-03-20,34,47,-8.2,-2.0,6.199999999999999,6,DeAndre Jordan; Dennis Smith Jr.; Harrison Barnes; Luka Dončić; Tim Hardaway Jr.; Wesley Matthews,high-minute-player absence spike
2018-19,2019-04-10,0021801225,MEM,MEM vs. GSW,W,True,2019-03-20,33,47,2.3,-2.2,-4.5,7,Avery Bradley; Garrett Temple; Jaren Jackson Jr.; Jonas Valančiūnas; Kyle Anderson; Marc Gasol; Mike Conley,high-minute-player absence spike
2018-19,2019-04-10,0021801228,MIN,MIN @ DEN,L,True,2019-03-26,37,47,-5.5,-5.2,0.2999999999999998,6,Derrick Rose; Jeff Teague; Jimmy Butler III; Karl-Anthony Towns; Robert Covington; Taj Gibson,high-minute-player absence spike
2018-19,2019-04-10,0021801223,NYK,NYK vs. DET,L,True,2019-03-09,18,40,-4.3,-10.2,-5.8999999999999995,5,Dennis Smith Jr.; Emmanuel Mudiay; Enes Freedom; Noah Vonleh; Tim Hardaway Jr.,post-elimination point-differential drop; high-minute-player absence spike
2018-19,2019-04-10,0021801230,SAC,SAC @ POR,L,True,2019-03-31,40,47,2.0,-8.4,-10.4,1,Iman Shumpert,post-elimination point-differential drop
2019-20,2020-02-23,0021900847,GSW,GSW vs. NOP,L,True,2020-02-10,21,25,-8.0,,,4,Alec Burks; D'Angelo Russell; Draymond Green; Glenn Robinson III,high-minute-player absence spike
2019-20,2020-02-24,0021900854,MIN,MIN @ DAL,L,True,2020-02-24,25,26,-4.9,,,4,Andrew Wiggins; Jeff Teague; Karl-Anthony Towns; Robert Covington,high-minute-player absence spike
2019-20,2020-02-25,0021900863,GSW,GSW vs. SAC,L,True,2020-02-10,20,26,-8.0,-16.0,-8.0,4,Alec Burks; D'Angelo Russell; Draymond Green; Glenn Robinson III,post-elimination point-differential drop; high-minute-player absence spike
2019-20,2020-02-26,0021900868,MIN,MIN @ MIA,W,True,2020-02-24,24,26,-4.9,,,4,Andrew Wiggins; Jeff Teague; Karl-Anthony Towns; Robert Covington,high-minute-player absence spike
2019-20,2020-02-27,0021900876,GSW,GSW vs. LAL,L,True,2020-02-10,19,26,-8.0,-19.6,-11.600000000000001,3,Alec Burks; D'Angelo Russell; Glenn Robinson III,post-elimination point-differential drop
2019-20,2020-02-28,0021900877,MIN,MIN @ ORL,L,True,2020-02-24,24,26,-4.9,,,4,Andrew Wiggins; Jeff Teague; Karl-Anthony Towns; Robert Covington,high-minute-player absence spike
2019-20,2020-02-29,0021900894,GSW,GSW @ PHX,W,True,2020-02-10,18,26,-8.0,-15.2,-7.199999999999999,4,Alec Burks; D'Angelo Russell; Draymond Green; Glenn Robinson III,post-elimination point-differential drop; high-minute-player absence spike
2019-20,2020-03-01,0021900901,GSW,GSW vs. WAS,L,True,2020-02-10,18,26,-8.0,-12.0,-4.0,4,Alec Burks; D'Angelo Russell; Draymond Green; Glenn Robinson III,high-minute-player absence spike
2019-20,2020-03-01,0021900896,MIN,MIN vs. DAL,L,True,2020-02-24,23,26,-4.9,,,4,Andrew Wiggins; Jeff Teague; Karl-Anthony Towns; Robert Covington,high-minute-player absence spike
2019-20,2020-03-03,0021900913,GSW,GSW @ DEN,W,True,2020-02-10,17,27,-8.0,-6.0,2.0,4,Alec Burks; D'Angelo Russell; Draymond Green; Glenn Robinson III,high-minute-player absence spike
2019-20,2020-03-03,0021900911,MIN,MIN @ NOP,W,True,2020-02-24,22,27,-4.9,-7.8,-2.8999999999999995,4,Andrew Wiggins; Jeff Teague; Karl-Anthony Towns; Robert Covington,high-minute-player absence spike
2019-20,2020-03-04,0021900922,MIN,MIN vs. CHI,W,True,2020-02-24,22,27,-4.9,-3.2,1.7000000000000002,4,Andrew Wiggins; Jeff Teague; Karl-Anthony Towns; Robert Covington,high-minute-player absence spike
2019-20,2020-03-05,0021900929,GSW,GSW vs. TOR,L,True,2020-02-10,17,28,-8.0,-4.0,4.0,4,Alec Burks; D'Angelo Russell; Draymond Green; Glenn Robinson III,high-minute-player absence spike
2019-20,2020-03-06,0021900935,MIN,MIN vs. ORL,L,True,2020-02-24,22,28,-4.9,-6.6,-1.6999999999999993,4,Andrew Wiggins; Jeff Teague; Karl-Anthony Towns; Robert Covington,high-minute-player absence spike
2019-20,2020-03-07,0021900944,GSW,GSW vs. PHI,W,True,2020-02-10,16,28,-8.0,2.8,10.8,4,Alec Burks; D'Angelo Russell; Draymond Green; Glenn Robinson III,high-minute-player absence spike
2019-20,2020-03-08,0021900955,DET,DET @ NYK,L,True,2020-03-08,22,23,-7.5,,,5,Andre Drummond; Blake Griffin; Derrick Rose; Luke Kennard; Reggie Jackson,high-minute-player absence spike
2019-20,2020-03-08,0021900947,MIN,MIN vs. NOP,L,True,2020-02-24,21,28,-4.9,-7.0,-2.0999999999999996,4,Andrew Wiggins; Jeff Teague; Karl-Anthony Towns; Robert Covington,high-minute-player absence spike
2019-20,2020-03-10,0021900967,GSW,GSW vs. LAC,L,True,2020-02-10,16,28,-8.0,-5.2,2.8,4,Alec Burks; D'Angelo Russell; Draymond Green; Glenn Robinson III,high-minute-player absence spike
2019-20,2020-03-10,0021900963,MIN,MIN @ HOU,L,True,2020-02-24,20,28,-4.9,-4.2,0.7000000000000002,4,Andrew Wiggins; Jeff Teague; Karl-Anthony Towns; Robert Covington,high-minute-player absence spike
2019-20,2020-03-11,0021900971,DET,DET @ PHI,L,True,2020-03-08,21,24,-7.5,,,6,Andre Drummond; Blake Griffin; Bruce Brown; Derrick Rose; Luke Kennard; Reggie Jackson,high-minute-player absence spike
2019-20,2020-08-11,0021901302,NOP,NOP @ SAC,L,True,2020-08-11,32,33,-1.8,,,5,Brandon Ingram; Derrick Favors; JJ Redick; Jrue Holiday; Zion Williamson,high-minute-player absence spike
2019-20,2020-08-13,0021901312,NOP,NOP @ ORL,L,True,2020-08-11,31,33,-1.8,,,6,Brandon Ingram; Derrick Favors; JJ Redick; Jrue Holiday; Lonzo Ball; Zion Williamson,high-minute-player absence spike
2020-21,2021-04-24,0022000910,HOU,HOU @ DEN,L,True,2021-04-23,27,29,-11.1,,,8,Christian Wood; Danuel House Jr.; Eric Gordon; John Wall; Kevin Porter Jr.; P.J. Tucker; Sterling Brown; Victor Oladipo,high-minute-player absence spike
2020-21,2021-05-01,0022000957,DET,DET @ CHA,L,True,2021-05-01,28,29,-4.7,,,5,Blake Griffin; Cory Joseph; Delon Wright; Jerami Grant; Mason Plumlee,high-minute-player absence spike
2020-21,2021-05-01,0022000963,OKC,OKC vs. IND,L,True,2021-05-01,30,31,-13.9,,,5,Al Horford; George Hill; Luguentz Dort; Shai Gilgeous-Alexander; Ty Jerome,high-minute-player absence spike
2020-21,2021-05-01,0022000961,ORL,ORL vs. MEM,W,True,2021-05-01,28,29,-12.2,,,7,Aaron Gordon; Chuma Okeke; Evan Fournier; James Ennis III; Michael Carter-Williams; Nikola Vučević; Terrence Ross,high-minute-player absence spike
2020-21,2021-05-03,0022000975,DET,DET vs. ORL,L,True,2021-05-01,27,29,-4.7,,,5,Blake Griffin; Cory Joseph; Delon Wright; Jerami Grant; Mason Plumlee,high-minute-player absence spike
2020-21,2021-05-03,0022000975,ORL,ORL @ DET,W,True,2021-05-01,28,29,-12.2,,,7,Aaron Gordon; Chuma Okeke; Evan Fournier; James Ennis III; Michael Carter-Williams; Nikola Vučević; Terrence Ross,high-minute-player absence spike
2020-21,2021-05-04,0022000984,DET,DET vs. CHA,L,True,2021-05-01,26,30,-4.7,,,6,Blake Griffin; Cory Joseph; Delon Wright; Jerami Grant; Josh Jackson; Mason Plumlee,high-minute-player absence spike
2020-21,2021-05-05,0022000994,HOU,HOU vs. PHI,L,True,2021-04-23,23,31,-11.1,-14.2,-3.0999999999999996,8,Christian Wood; Danuel House Jr.; Eric Gordon; Jae'Sean Tate; John Wall; P.J. Tucker; Sterling Brown; Victor Oladipo,high-minute-player absence spike
2020-21,2021-05-05,0022000990,ORL,ORL vs. BOS,L,True,2021-05-01,28,30,-12.2,,,8,Aaron Gordon; Chuma Okeke; Evan Fournier; James Ennis III; Michael Carter-Williams; Nikola Vučević; Terrence Ross; Wendell Carter Jr.,high-minute-player absence spike
2020-21,2021-05-06,0022000999,DET,DET vs. MEM,W,True,2021-05-01,25,30,-4.7,,,5,Blake Griffin; Delon Wright; Jerami Grant; Josh Jackson; Mason Plumlee,high-minute-player absence spike
2020-21,2021-05-07,0022001006,HOU,HOU @ MIL,L,True,2021-04-23,22,31,-11.1,-14.4,-3.3000000000000007,8,Christian Wood; Eric Gordon; Jae'Sean Tate; John Wall; Kevin Porter Jr.; P.J. Tucker; Sterling Brown; Victor Oladipo,high-minute-player absence spike
2020-21,2021-05-07,0022001004,ORL,ORL @ CHA,L,True,2021-05-01,27,31,-12.2,,,8,Aaron Gordon; Chuma Okeke; Evan Fournier; James Ennis III; Michael Carter-Williams; Nikola Vučević; Terrence Ross; Wendell Carter Jr.,high-minute-player absence spike
2020-21,2021-05-08,0022001016,HOU,HOU @ UTA,L,True,2021-04-23,21,32,-11.1,-17.4,-6.299999999999999,8,Christian Wood; Eric Gordon; John Wall; Kelly Olynyk; Kevin Porter Jr.; P.J. Tucker; Sterling Brown; Victor Oladipo,post-elimination point-differential drop; high-minute-player absence spike
2020-21,2021-05-08,0022001017,OKC,OKC @ GSW,L,True,2021-05-01,26,32,-13.9,-24.8,-10.9,4,Al Horford; George Hill; Shai Gilgeous-Alexander; Ty Jerome,post-elimination point-differential drop
2020-21,2021-05-09,0022001021,CLE,CLE vs. DAL,L,True,2021-05-04,26,31,-9.8,,,4,Andre Drummond; Cedi Osman; Darius Garland; Larry Nance Jr.,high-minute-player absence spike
2020-21,2021-05-09,0022001023,DET,DET vs. CHI,L,True,2021-05-01,24,31,-4.7,-4.4,0.2999999999999998,6,Blake Griffin; Cory Joseph; Delon Wright; Jerami Grant; Josh Jackson; Mason Plumlee,high-minute-player absence spike
2020-21,2021-05-09,0022001025,OKC,OKC @ SAC,L,True,2021-05-01,25,32,-13.9,-19.0,-5.1,5,Al Horford; George Hill; Luguentz Dort; Shai Gilgeous-Alexander; Ty Jerome,post-elimination point-differential drop; high-minute-player absence spike
2020-21,2021-05-09,0022001022,ORL,ORL vs. MIN,L,True,2021-05-01,26,31,-12.2,-14.0,-1.8000000000000007,8,Aaron Gordon; Chuma Okeke; Evan Fournier; James Ennis III; Michael Carter-Williams; Nikola Vučević; Terrence Ross; Wendell Carter Jr.,high-minute-player absence spike
2020-21,2021-05-10,0022001027,CLE,CLE vs. IND,L,True,2021-05-04,25,31,-9.8,-21.6,-11.8,4,Andre Drummond; Cedi Osman; Darius Garland; Larry Nance Jr.,post-elimination point-differential drop; high-minute-player absence spike
2020-21,2021-05-10,0022001031,HOU,HOU @ POR,L,True,2021-04-23,20,32,-11.1,-14.4,-3.3000000000000007,7,Christian Wood; Eric Gordon; John Wall; Kevin Porter Jr.; P.J. Tucker; Sterling Brown; Victor Oladipo,high-minute-player absence spike
2020-21,2021-05-11,0022001033,DET,DET vs. MIN,L,True,2021-05-01,23,32,-4.7,-6.8,-2.0999999999999996,5,Blake Griffin; Cory Joseph; Delon Wright; Jerami Grant; Mason Plumlee,high-minute-player absence spike
2020-21,2021-05-11,0022001040,OKC,OKC @ SAC,L,True,2021-05-01,24,33,-13.9,-21.6,-7.700000000000001,6,Al Horford; George Hill; Luguentz Dort; Shai Gilgeous-Alexander; Theo Maledon; Ty Jerome,post-elimination point-differential drop; high-minute-player absence spike
2020-21,2021-05-11,0022001038,ORL,ORL @ MIL,L,True,2021-05-01,25,32,-12.2,-16.6,-4.400000000000002,7,Aaron Gordon; Chuma Okeke; Evan Fournier; James Ennis III; Michael Carter-Williams; Nikola Vučević; Terrence Ross,high-minute-player absence spike
2020-21,2021-05-12,0022001044,CLE,CLE vs. BOS,W,True,2021-05-04,24,32,-9.8,-16.8,-7.0,4,Andre Drummond; Cedi Osman; Darius Garland; Larry Nance Jr.,post-elimination point-differential drop; high-minute-player absence spike
2020-21,2021-05-12,0022001046,HOU,HOU @ LAL,L,True,2021-04-23,19,33,-11.1,-9.8,1.299999999999999,8,Christian Wood; Danuel House Jr.; Eric Gordon; John Wall; Kevin Porter Jr.; P.J. Tucker; Sterling Brown; Victor Oladipo,high-minute-player absence spike
2020-21,2021-05-13,0022001049,ORL,ORL @ ATL,L,True,2021-05-01,24,32,-12.2,-22.6,-10.400000000000002,7,Aaron Gordon; Chuma Okeke; Evan Fournier; James Ennis III; Michael Carter-Williams; Nikola Vučević; Terrence Ross,post-elimination point-differential drop; high-minute-player absence spike
2020-21,2021-05-13,0022001051,TOR,TOR @ CHI,L,True,2021-05-11,30,32,-2.7,,,7,Chris Boucher; Fred VanVleet; Gary Trent Jr.; Kyle Lowry; Norman Powell; OG Anunoby; Pascal Siakam,high-minute-player absence spike
2020-21,2021-05-14,0022001054,DET,DET vs. DEN,L,True,2021-05-01,22,32,-4.7,-8.8,-4.1000000000000005,5,Blake Griffin; Cory Joseph; Delon Wright; Jerami Grant; Mason Plumlee,high-minute-player absence spike
2020-21,2021-05-14,0022001058,HOU,HOU vs. LAC,W,True,2021-04-23,18,33,-11.1,-4.4,6.699999999999999,8,Christian Wood; Danuel House Jr.; Eric Gordon; John Wall; Kevin Porter Jr.; P.J. Tucker; Sterling Brown; Victor Oladipo,high-minute-player absence spike
2020-21,2021-05-14,0022001056,OKC,OKC vs. UTA,L,True,2021-05-01,23,33,-13.9,-24.0,-10.1,5,Al Horford; George Hill; Luguentz Dort; Shai Gilgeous-Alexander; Ty Jerome,post-elimination point-differential drop; high-minute-player absence spike
2020-21,2021-05-14,0022001055,ORL,ORL @ PHI,L,True,2021-05-01,23,32,-12.2,-20.4,-8.2,7,Aaron Gordon; Chuma Okeke; Evan Fournier; James Ennis III; Michael Carter-Williams; Nikola Vučević; Terrence Ross,post-elimination point-differential drop; high-minute-player absence spike
2020-21,2021-05-14,0022001057,TOR,TOR @ DAL,L,True,2021-05-11,29,32,-2.7,,,7,Chris Boucher; Fred VanVleet; Gary Trent Jr.; Kyle Lowry; Norman Powell; OG Anunoby; Pascal Siakam,high-minute-player absence spike
2020-21,2021-05-16,0022001069,DET,DET vs. MIA,L,True,2021-05-01,21,33,-4.7,-14.2,-9.5,4,Blake Griffin; Delon Wright; Jerami Grant; Mason Plumlee,post-elimination point-differential drop
2020-21,2021-05-16,0022001066,HOU,HOU @ ATL,L,True,2021-04-23,18,33,-11.1,-8.6,2.5,8,Christian Wood; Danuel House Jr.; Eric Gordon; John Wall; Kevin Porter Jr.; P.J. Tucker; Sterling Brown; Victor Oladipo,high-minute-player absence spike
2020-21,2021-05-16,0022001072,NOP,NOP vs. LAL,L,True,2021-05-16,32,33,-2.0,,,5,Brandon Ingram; Josh Hart; Lonzo Ball; Steven Adams; Zion Williamson,high-minute-player absence spike
2020-21,2021-05-16,0022001074,OKC,OKC vs. LAC,W,True,2021-05-01,22,33,-13.9,-18.8,-4.9,6,Al Horford; Darius Bazley; George Hill; Luguentz Dort; Shai Gilgeous-Alexander; Ty Jerome,high-minute-player absence spike
2020-21,2021-05-16,0022001075,ORL,ORL @ PHI,L,True,2021-05-01,22,33,-12.2,-20.6,-8.400000000000002,8,Aaron Gordon; Chuma Okeke; Evan Fournier; James Ennis III; Michael Carter-Williams; Nikola Vučević; Terrence Ross; Wendell Carter Jr.,post-elimination point-differential drop; high-minute-player absence spike
2020-21,2021-05-16,0022001077,SAC,SAC vs. UTA,L,True,2021-05-16,32,33,1.0,,,6,De'Aaron Fox; Harrison Barnes; Marvin Bagley III; Maurice Harkless; Richaun Holmes; Tyrese Haliburton,high-minute-player absence spike
2020-21,2021-05-16,0022001079,TOR,TOR vs. IND,L,True,2021-05-11,28,33,-2.7,,,7,Chris Boucher; Fred VanVleet; Gary Trent Jr.; Kyle Lowry; Norman Powell; OG Anunoby; Pascal Siakam,high-minute-player absence spike
2021-22,2022-03-17,0022101045,ORL,ORL vs. DET,L,True,2022-03-15,30,34,-1.8,,,4,Chuma Okeke; Gary Harris; Jalen Suggs; Wendell Carter Jr.,high-minute-player absence spike
2021-22,2022-03-23,0022101086,IND,IND vs. SAC,L,True,2022-03-23,35,36,-1.7,,,8,Caris LeVert; Chris Duarte; Domantas Sabonis; Jalen Smith; Justin Holiday; Malcolm Brogdon; Myles Turner; T.J. McConnell,high-minute-player absence spike
2021-22,2022-03-23,0022101091,ORL,ORL @ OKC,L,True,2022-03-15,29,36,-1.8,-12.6,-10.799999999999999,3,Gary Harris; Jalen Suggs; Wendell Carter Jr.,post-elimination point-differential drop
2021-22,2022-03-24,0022101096,IND,IND @ MEM,L,True,2022-03-23,34,36,-1.7,,,8,Caris LeVert; Chris Duarte; Domantas Sabonis; Jalen Smith; Justin Holiday; Malcolm Brogdon; Myles Turner; T.J. McConnell,high-minute-player absence spike
2021-22,2022-03-26,0022101113,OKC,OKC @ DEN,L,True,2022-03-26,30,31,-10.7,,,3,Josh Giddey; Luguentz Dort; Shai Gilgeous-Alexander,high-minute-player absence spike
2021-22,2022-03-28,0022101130,OKC,OKC @ POR,W,True,2022-03-26,29,31,-10.7,,,4,Darius Bazley; Josh Giddey; Luguentz Dort; Shai Gilgeous-Alexander,high-minute-player absence spike
2021-22,2022-03-30,0022101137,IND,IND vs. DEN,L,True,2022-03-23,31,38,-1.7,-17.4,-15.7,7,Caris LeVert; Chris Duarte; Domantas Sabonis; Justin Holiday; Malcolm Brogdon; Myles Turner; T.J. McConnell,post-elimination point-differential drop
2021-22,2022-03-30,0022101143,OKC,OKC vs. ATL,L,True,2022-03-26,29,31,-10.7,,,4,Darius Bazley; Josh Giddey; Luguentz Dort; Shai Gilgeous-Alexander,high-minute-player absence spike
2021-22,2022-03-30,0022101138,ORL,ORL @ WAS,L,True,2022-03-15,26,38,-1.8,-7.8,-6.0,3,Gary Harris; Jalen Suggs; Wendell Carter Jr.,post-elimination point-differential drop
2021-22,2022-04-01,0022101153,IND,IND @ BOS,L,True,2022-03-23,30,40,-1.7,-18.2,-16.5,7,Caris LeVert; Chris Duarte; Domantas Sabonis; Justin Holiday; Malcolm Brogdon; Myles Turner; T.J. McConnell,post-elimination point-differential drop
2021-22,2022-04-01,0022101157,OKC,OKC vs. DET,L,True,2022-03-26,28,31,-10.7,,,4,Darius Bazley; Josh Giddey; Luguentz Dort; Shai Gilgeous-Alexander,high-minute-player absence spike
2021-22,2022-04-01,0022101151,ORL,ORL vs. TOR,L,True,2022-03-15,25,40,-1.8,-11.2,-9.399999999999999,3,Gary Harris; Jalen Suggs; Wendell Carter Jr.,post-elimination point-differential drop
2021-22,2022-04-03,0022101169,IND,IND vs. DET,L,True,2022-03-23,29,40,-1.7,-13.0,-11.3,7,Caris LeVert; Chris Duarte; Domantas Sabonis; Justin Holiday; Malcolm Brogdon; Myles Turner; T.J. McConnell,post-elimination point-differential drop
2021-22,2022-04-03,0022101174,OKC,OKC vs. PHX,W,True,2022-03-26,27,32,-10.7,-1.8,8.899999999999999,4,Darius Bazley; Josh Giddey; Luguentz Dort; Shai Gilgeous-Alexander,high-minute-player absence spike
2021-22,2022-04-03,0022101171,ORL,ORL vs. NYK,L,True,2022-03-15,24,40,-1.8,-14.0,-12.2,4,Franz Wagner; Gary Harris; Jalen Suggs; Wendell Carter Jr.,post-elimination point-differential drop; high-minute-player absence spike
2021-22,2022-04-05,0022101178,IND,IND vs. PHI,L,True,2022-03-23,28,40,-1.7,-6.8,-5.1,6,Caris LeVert; Chris Duarte; Domantas Sabonis; Justin Holiday; Malcolm Brogdon; Myles Turner,post-elimination point-differential drop
2021-22,2022-04-05,0022101185,OKC,OKC vs. POR,W,True,2022-03-26,27,33,-10.7,0.2,10.899999999999999,4,Darius Bazley; Josh Giddey; Luguentz Dort; Shai Gilgeous-Alexander,high-minute-player absence spike
2021-22,2022-04-05,0022101179,ORL,ORL vs. CLE,W,True,2022-03-15,23,40,-1.8,-12.2,-10.399999999999999,3,Cole Anthony; Gary Harris; Wendell Carter Jr.,post-elimination point-differential drop
2021-22,2022-04-05,0022101185,POR,POR @ OKC,L,True,2022-04-05,31,33,-15.8,,,10,Anfernee Simons; Brandon Williams; CJ McCollum; Damian Lillard; Josh Hart; Justise Winslow; Jusuf Nurkić; Nassir Little; Norman Powell; Robert Covington,high-minute-player absence spike
2021-22,2022-04-06,0022101191,NYK,NYK vs. BKN,L,True,2022-04-02,38,40,2.8,,,4,Derrick Rose; Julius Randle; Kemba Walker; Mitchell Robinson,high-minute-player absence spike
2021-22,2022-04-06,0022101194,OKC,OKC @ UTA,L,True,2022-03-26,27,34,-10.7,-7.6,3.0999999999999996,4,Darius Bazley; Josh Giddey; Luguentz Dort; Shai Gilgeous-Alexander,high-minute-player absence spike
2021-22,2022-04-07,0022101196,ORL,ORL @ CHA,L,True,2022-03-15,23,40,-1.8,-16.4,-14.599999999999998,4,Cole Anthony; Franz Wagner; Gary Harris; Wendell Carter Jr.,post-elimination point-differential drop; high-minute-player absence spike
2021-22,2022-04-08,0022101211,LAL,LAL vs. OKC,W,True,2022-04-08,33,34,-8.2,,,4,Anthony Davis; Carmelo Anthony; LeBron James; Russell Westbrook,high-minute-player absence spike
2021-22,2022-04-08,0022101204,NYK,NYK @ WAS,W,True,2022-04-02,37,41,2.8,,,4,Derrick Rose; Julius Randle; Kemba Walker; Mitchell Robinson,high-minute-player absence spike
2021-22,2022-04-08,0022101211,OKC,OKC @ LAL,L,True,2022-03-26,26,34,-10.7,-7.8,2.8999999999999995,4,Darius Bazley; Josh Giddey; Luguentz Dort; Shai Gilgeous-Alexander,high-minute-player absence spike
2021-22,2022-04-08,0022101209,POR,POR @ DAL,L,True,2022-04-05,29,34,-15.8,,,10,Anfernee Simons; CJ McCollum; Damian Lillard; Josh Hart; Justise Winslow; Jusuf Nurkić; Kris Dunn; Nassir Little; Norman Powell; Robert Covington,high-minute-player absence spike
2021-22,2022-04-08,0022101204,WAS,WAS vs. NYK,L,True,2022-04-01,37,41,-4.2,-5.8,-1.5999999999999996,6,Bradley Beal; Kentavious Caldwell-Pope; Kristaps Porziņģis; Kyle Kuzma; Montrezl Harrell; Spencer Dinwiddie,high-minute-player absence spike
2021-22,2022-04-09,0022101214,IND,IND @ PHI,L,True,2022-03-23,27,42,-1.7,-7.6,-5.8999999999999995,7,Caris LeVert; Chris Duarte; Domantas Sabonis; Jalen Smith; Justin Holiday; Malcolm Brogdon; Myles Turner,post-elimination point-differential drop
2021-22,2022-04-10,0022101228,DET,DET @ PHI,L,True,2022-03-15,24,42,-1.9,-9.4,-7.5,3,Cade Cunningham; Cory Joseph; Jerami Grant,post-elimination point-differential drop
2021-22,2022-04-10,0022101216,IND,IND @ BKN,L,True,2022-03-23,26,42,-1.7,-7.8,-6.1,7,Caris LeVert; Chris Duarte; Domantas Sabonis; Jalen Smith; Justin Holiday; Malcolm Brogdon; Myles Turner,post-elimination point-differential drop
2021-22,2022-04-10,0022101220,LAL,LAL @ DEN,W,True,2022-04-08,33,34,-8.2,,,4,Anthony Davis; Carmelo Anthony; LeBron James; Russell Westbrook,high-minute-player absence spike
2021-22,2022-04-10,0022101226,NYK,NYK vs. TOR,W,True,2022-04-02,37,42,2.8,6.6,3.8,5,Derrick Rose; Julius Randle; Kemba Walker; Mitchell Robinson; RJ Barrett,high-minute-player absence spike
2021-22,2022-04-10,0022101222,OKC,OKC @ LAC,L,True,2022-03-26,25,34,-10.7,-16.0,-5.300000000000001,4,Darius Bazley; Josh Giddey; Luguentz Dort; Shai Gilgeous-Alexander,post-elimination point-differential drop; high-minute-player absence spike
2021-22,2022-04-10,0022101227,ORL,ORL vs. MIA,W,True,2022-03-15,22,42,-1.8,-10.2,-8.399999999999999,5,Cole Anthony; Franz Wagner; Gary Harris; Jalen Suggs; Wendell Carter Jr.,post-elimination point-differential drop; high-minute-player absence spike
2021-22,2022-04-10,0022101230,POR,POR vs. UTA,L,True,2022-04-05,28,34,-15.8,,,11,Anfernee Simons; CJ McCollum; Damian Lillard; Drew Eubanks; Josh Hart; Justise Winslow; Jusuf Nurkić; Kris Dunn; Nassir Little; Norman Powell; Robert Covington,high-minute-player absence spike
2021-22,2022-04-10,0022101217,WAS,WAS @ CHA,L,True,2022-04-01,36,42,-4.2,-15.4,-11.2,6,Bradley Beal; Kentavious Caldwell-Pope; Kristaps Porziņģis; Kyle Kuzma; Montrezl Harrell; Spencer Dinwiddie,post-elimination point-differential drop; high-minute-player absence spike
2022-23,2023-03-11,0022201006,DET,DET vs. IND,L,True,2023-03-11,30,31,-8.0,,,5,Bojan Bogdanovic; Cade Cunningham; Isaiah Stewart; Jaden Ivey; Saddiq Bey,high-minute-player absence spike
2022-23,2023-03-13,0022201020,DET,DET vs. IND,W,True,2023-03-11,29,31,-8.0,,,5,Bojan Bogdanovic; Cade Cunningham; Isaiah Stewart; Jaden Ivey; Saddiq Bey,high-minute-player absence spike
2022-23,2023-03-14,0022201028,DET,DET @ WAS,L,True,2023-03-11,29,31,-8.0,,,5,Bojan Bogdanovic; Cade Cunningham; Isaiah Stewart; Jaden Ivey; Saddiq Bey,high-minute-player absence spike
2022-23,2023-03-16,0022201042,DET,DET vs. DEN,L,True,2023-03-11,28,32,-8.0,,,4,Bojan Bogdanovic; Cade Cunningham; Isaiah Stewart; Saddiq Bey,high-minute-player absence spike
2022-23,2023-03-19,0022201066,DET,DET vs. MIA,L,True,2023-03-11,27,33,-8.0,-7.4,0.5999999999999996,4,Bojan Bogdanovic; Cade Cunningham; Isaiah Stewart; Saddiq Bey,high-minute-player absence spike
2022-23,2023-03-21,0022201078,DET,DET @ ATL,L,True,2023-03-11,26,34,-8.0,-10.6,-2.5999999999999996,5,Bojan Bogdanovic; Cade Cunningham; Isaiah Stewart; Jalen Duren; Saddiq Bey,high-minute-player absence spike
2022-23,2023-03-22,0022201089,SAS,SAS @ MIL,L,True,2023-03-14,29,35,-8.9,-15.6,-6.699999999999999,4,Devonte' Graham; Jakob Poeltl; Keldon Johnson; Tre Jones,post-elimination point-differential drop
2022-23,2023-03-24,0022201101,CHA,CHA @ DAL,W,True,2023-03-20,31,34,-8.2,,,5,Jalen McDaniels; Kelly Oubre Jr.; LaMelo Ball; Mason Plumlee; Terry Rozier,high-minute-player absence spike
2022-23,2023-03-24,0022201099,DET,DET @ TOR,L,True,2023-03-11,25,34,-8.0,-18.8,-10.8,4,Bojan Bogdanovic; Cade Cunningham; Isaiah Stewart; Saddiq Bey,post-elimination point-differential drop; high-minute-player absence spike
2022-23,2023-03-24,0022201098,SAS,SAS @ WAS,L,True,2023-03-14,28,36,-8.9,-16.2,-7.299999999999999,3,Devin Vassell; Jakob Poeltl; Jeremy Sochan,post-elimination point-differential drop
2022-23,2023-03-26,0022201113,CHA,CHA vs. DAL,W,True,2023-03-20,31,35,-8.2,,,5,Jalen McDaniels; Kelly Oubre Jr.; LaMelo Ball; Mason Plumlee; Terry Rozier,high-minute-player absence spike
2022-23,2023-03-26,0022201117,HOU,HOU @ CLE,L,True,2023-03-11,26,36,-11.0,-16.4,-5.399999999999999,1,Eric Gordon,post-elimination point-differential drop
2022-23,2023-03-26,0022201116,SAS,SAS @ BOS,L,True,2023-03-14,27,36,-8.9,-23.8,-14.9,3,Jakob Poeltl; Jeremy Sochan; Keldon Johnson,post-elimination point-differential drop
2022-23,2023-03-27,0022201122,DET,DET vs. MIL,L,True,2023-03-11,24,36,-8.0,-16.6,-8.600000000000001,4,Bojan Bogdanovic; Cade Cunningham; Isaiah Stewart; Saddiq Bey,post-elimination point-differential drop; high-minute-player absence spike
2022-23,2023-03-27,0022201124,HOU,HOU @ NYK,L,True,2023-03-11,25,37,-11.0,-18.8,-7.800000000000001,1,Eric Gordon,post-elimination point-differential drop
2022-23,2023-03-28,0022201134,CHA,CHA @ OKC,W,True,2023-03-20,31,36,-8.2,0.8,9.0,7,Dennis Smith Jr.; Gordon Hayward; Jalen McDaniels; Kelly Oubre Jr.; LaMelo Ball; Mason Plumlee; Terry Rozier,high-minute-player absence spike
2022-23,2023-03-29,0022201142,DET,DET @ OKC,L,True,2023-03-11,23,36,-8.0,-13.0,-5.0,4,Bojan Bogdanovic; Cade Cunningham; Isaiah Stewart; Saddiq Bey,post-elimination point-differential drop; high-minute-player absence spike
2022-23,2023-03-29,0022201137,HOU,HOU @ BKN,L,True,2023-03-11,24,37,-11.0,-18.0,-7.0,1,Eric Gordon,post-elimination point-differential drop
2022-23,2023-03-29,0022201143,SAS,SAS vs. UTA,L,True,2023-03-14,26,37,-8.9,-27.6,-18.700000000000003,4,Devin Vassell; Jakob Poeltl; Jeremy Sochan; Keldon Johnson,post-elimination point-differential drop
2022-23,2023-03-31,0022201148,CHA,CHA vs. CHI,L,True,2023-03-20,31,36,-8.2,-6.4,1.799999999999999,7,Dennis Smith Jr.; Gordon Hayward; Jalen McDaniels; Kelly Oubre Jr.; LaMelo Ball; Mason Plumlee; Terry Rozier,high-minute-player absence spike
2022-23,2023-03-31,0022201155,DET,DET @ HOU,L,True,2023-03-11,22,36,-8.0,-11.8,-3.8000000000000007,4,Bojan Bogdanovic; Cade Cunningham; Isaiah Stewart; Saddiq Bey,high-minute-player absence spike
2022-23,2023-03-31,0022201158,SAS,SAS @ GSW,L,True,2023-03-14,25,38,-8.9,-23.6,-14.700000000000001,3,Devin Vassell; Jakob Poeltl; Jeremy Sochan,post-elimination point-differential drop
2022-23,2023-04-02,0022201163,CHA,CHA vs. TOR,L,True,2023-03-20,30,37,-8.2,-6.6,1.5999999999999996,8,Dennis Smith Jr.; Gordon Hayward; Jalen McDaniels; Kelly Oubre Jr.; LaMelo Ball; Mason Plumlee; P.J. Washington; Terry Rozier,high-minute-player absence spike
2022-23,2023-04-02,0022201169,DET,DET @ ORL,L,True,2023-03-11,21,37,-8.0,-12.6,-4.6,4,Bojan Bogdanovic; Cade Cunningham; Isaiah Stewart; Saddiq Bey,high-minute-player absence spike
2022-23,2023-04-02,0022201166,POR,POR @ MIN,W,True,2023-04-02,37,38,-18.2,,,7,Anfernee Simons; Cam Reddish; Damian Lillard; Jerami Grant; Josh Hart; Justise Winslow; Jusuf Nurkić,high-minute-player absence spike
2022-23,2023-04-02,0022201170,SAS,SAS @ SAC,W,True,2023-03-14,24,38,-8.9,-14.8,-5.9,4,Devin Vassell; Jakob Poeltl; Jeremy Sochan; Keldon Johnson,post-elimination point-differential drop
2022-23,2023-04-04,0022201176,CHA,CHA vs. TOR,L,True,2023-03-20,29,38,-8.2,-12.2,-4.0,8,Dennis Smith Jr.; Gordon Hayward; Jalen McDaniels; Kelly Oubre Jr.; LaMelo Ball; Mason Plumlee; P.J. Washington; Terry Rozier,high-minute-player absence spike
2022-23,2023-04-04,0022201177,DET,DET vs. MIA,L,True,2023-03-11,20,38,-8.0,-11.0,-3.0,4,Bojan Bogdanovic; Cade Cunningham; Isaiah Stewart; Saddiq Bey,high-minute-player absence spike
2022-23,2023-04-04,0022201184,POR,POR @ MEM,L,True,2023-04-02,37,38,-18.2,,,8,Anfernee Simons; Cam Reddish; Damian Lillard; Jerami Grant; Josh Hart; Justise Winslow; Jusuf Nurkić; Matisse Thybulle,high-minute-player absence spike
2022-23,2023-04-04,0022201188,SAS,SAS @ PHX,L,True,2023-03-14,24,38,-8.9,-16.6,-7.700000000000001,4,Devin Vassell; Jakob Poeltl; Jeremy Sochan; Keldon Johnson,post-elimination point-differential drop
2022-23,2023-04-05,0022201189,DET,DET vs. BKN,L,True,2023-03-11,19,38,-8.0,-12.2,-4.199999999999999,4,Bojan Bogdanovic; Cade Cunningham; Isaiah Stewart; Saddiq Bey,high-minute-player absence spike
2022-23,2023-04-05,0022201191,WAS,WAS @ ATL,L,True,2023-04-05,37,38,-6.8,,,7,Bradley Beal; Delon Wright; Deni Avdija; Kristaps Porziņģis; Kyle Kuzma; Monte Morris; Rui Hachimura,high-minute-player absence spike
2022-23,2023-04-06,0022201197,ORL,ORL vs. CLE,L,True,2023-04-06,37,38,4.8,,,6,Cole Anthony; Franz Wagner; Gary Harris; Markelle Fultz; Paolo Banchero; Wendell Carter Jr.,high-minute-player absence spike
2022-23,2023-04-06,0022201199,POR,POR @ SAS,L,True,2023-04-02,36,38,-18.2,,,8,Anfernee Simons; Cam Reddish; Damian Lillard; Jerami Grant; Josh Hart; Justise Winslow; Jusuf Nurkić; Matisse Thybulle,high-minute-player absence spike
2022-23,2023-04-07,0022201202,CHA,CHA vs. HOU,L,True,2023-03-20,28,38,-8.2,-14.0,-5.800000000000001,8,Dennis Smith Jr.; Gordon Hayward; Jalen McDaniels; Kelly Oubre Jr.; LaMelo Ball; Mason Plumlee; P.J. Washington; Terry Rozier,post-elimination point-differential drop; high-minute-player absence spike
2022-23,2023-04-07,0022201203,DET,DET @ IND,W,True,2023-03-11,18,38,-8.0,-10.6,-2.5999999999999996,4,Bojan Bogdanovic; Cade Cunningham; Isaiah Stewart; Saddiq Bey,high-minute-player absence spike
2022-23,2023-04-07,0022201204,WAS,WAS vs. MIA,W,True,2023-04-05,36,38,-6.8,,,6,Bradley Beal; Deni Avdija; Kristaps Porziņģis; Kyle Kuzma; Monte Morris; Rui Hachimura,high-minute-player absence spike
2022-23,2023-04-08,0022201215,POR,POR @ LAC,L,True,2023-04-02,35,39,-18.2,,,8,Anfernee Simons; Cam Reddish; Damian Lillard; Jerami Grant; Josh Hart; Justise Winslow; Jusuf Nurkić; Matisse Thybulle,high-minute-player absence spike
2022-23,2023-04-08,0022201214,SAS,SAS vs. MIN,L,True,2023-03-14,23,39,-8.9,-9.2,-0.29999999999999893,5,Devin Vassell; Devonte' Graham; Jakob Poeltl; Jeremy Sochan; Keldon Johnson,high-minute-player absence spike
2022-23,2023-04-08,0022201213,UTA,UTA vs. DEN,W,True,2023-04-08,38,39,-7.0,,,6,Jarred Vanderbilt; Jordan Clarkson; Kelly Olynyk; Lauri Markkanen; Malik Beasley; Mike Conley,high-minute-player absence spike
2022-23,2023-04-09,0022201218,CHA,CHA @ CLE,W,True,2023-03-20,27,39,-8.2,-12.4,-4.200000000000001,8,Dennis Smith Jr.; Gordon Hayward; Jalen McDaniels; Kelly Oubre Jr.; LaMelo Ball; Mason Plumlee; P.J. Washington; Terry Rozier,high-minute-player absence spike
2022-23,2023-04-09,0022201223,DET,DET @ CHI,L,True,2023-03-11,18,39,-8.0,-13.8,-5.800000000000001,4,Bojan Bogdanovic; Cade Cunningham; Isaiah Stewart; Saddiq Bey,post-elimination point-differential drop; high-minute-player absence spike
2022-23,2023-04-09,0022201230,POR,POR vs. GSW,L,True,2023-04-02,34,39,-18.2,-15.4,2.799999999999999,8,Anfernee Simons; Cam Reddish; Damian Lillard; Jerami Grant; Josh Hart; Justise Winslow; Jusuf Nurkić; Matisse Thybulle,high-minute-player absence spike
2022-23,2023-04-09,0022201224,SAS,SAS @ DAL,W,True,2023-03-14,22,39,-8.9,-2.0,6.9,5,Devin Vassell; Devonte' Graham; Jakob Poeltl; Jeremy Sochan; Keldon Johnson,high-minute-player absence spike
2022-23,2023-04-09,0022201228,UTA,UTA @ LAL,L,True,2023-04-08,38,39,-7.0,,,5,Jarred Vanderbilt; Jordan Clarkson; Lauri Markkanen; Malik Beasley; Mike Conley,high-minute-player absence spike
2022-23,2023-04-09,0022201222,WAS,WAS vs. HOU,L,True,2023-04-05,36,39,-6.8,,,7,Bradley Beal; Delon Wright; Deni Avdija; Kristaps Porziņģis; Kyle Kuzma; Monte Morris; Rui Hachimura,high-minute-player absence spike
2023-24,2024-03-16,0022300971,WAS,WAS @ CHI,L,True,2024-03-14,27,29,-10.9,,,4,Daniel Gafford; Deni Avdija; Marvin Bagley III; Tyus Jones,high-minute-player absence spike
2023-24,2024-03-17,0022300980,WAS,WAS vs. BOS,L,True,2024-03-14,26,29,-10.9,,,6,Bilal Coulibaly; Daniel Gafford; Deni Avdija; Kyle Kuzma; Marvin Bagley III; Tyus Jones,high-minute-player absence spike
2023-24,2024-03-18,0022300984,DET,DET @ BOS,L,True,2024-03-17,27,30,-3.1,,,5,Ausar Thompson; Bojan Bogdanovic; Cade Cunningham; Killian Hayes; Simone Fontecchio,high-minute-player absence spike
2023-24,2024-03-19,0022300992,WAS,WAS vs. HOU,L,True,2024-03-14,25,30,-10.9,,,6,Bilal Coulibaly; Daniel Gafford; Deni Avdija; Kyle Kuzma; Marvin Bagley III; Tyus Jones,high-minute-player absence spike
2023-24,2024-03-20,0022300997,DET,DET vs. IND,L,True,2024-03-17,26,30,-3.1,,,5,Ausar Thompson; Bojan Bogdanovic; Isaiah Stewart; Killian Hayes; Simone Fontecchio,high-minute-player absence spike
2023-24,2024-03-21,0022301005,WAS,WAS vs. SAC,W,True,2024-03-14,24,30,-10.9,-17.4,-6.499999999999998,4,Bilal Coulibaly; Daniel Gafford; Marvin Bagley III; Tyus Jones,post-elimination point-differential drop; high-minute-player absence spike
2023-24,2024-03-22,0022301011,DET,DET vs. BOS,L,True,2024-03-17,25,30,-3.1,,,6,Ausar Thompson; Bojan Bogdanovic; Isaiah Stewart; Jalen Duren; Killian Hayes; Simone Fontecchio,high-minute-player absence spike
2023-24,2024-03-23,0022301026,POR,POR vs. DEN,L,True,2024-03-18,31,36,-3.1,,,5,Anfernee Simons; Deandre Ayton; Jerami Grant; Malcolm Brogdon; Shaedon Sharpe,high-minute-player absence spike
2023-24,2024-03-24,0022301027,DET,DET vs. NOP,L,True,2024-03-17,24,31,-3.1,-17.4,-14.299999999999999,7,Ausar Thompson; Bojan Bogdanovic; Cade Cunningham; Isaiah Stewart; Jalen Duren; Killian Hayes; Simone Fontecchio,post-elimination point-differential drop; high-minute-player absence spike
2023-24,2024-03-25,0022301035,DET,DET @ NYK,L,True,2024-03-17,23,31,-3.1,-21.8,-18.7,7,Ausar Thompson; Bojan Bogdanovic; Cade Cunningham; Isaiah Stewart; Jalen Duren; Killian Hayes; Simone Fontecchio,post-elimination point-differential drop; high-minute-player absence spike
2023-24,2024-03-25,0022301038,POR,POR @ HOU,L,True,2024-03-18,30,36,-3.1,-9.0,-5.9,5,Anfernee Simons; Deandre Ayton; Jerami Grant; Malcolm Brogdon; Shaedon Sharpe,post-elimination point-differential drop; high-minute-player absence spike
2023-24,2024-03-25,0022301037,WAS,WAS @ CHI,W,True,2024-03-14,24,31,-10.9,-7.4,3.5,5,Bilal Coulibaly; Daniel Gafford; Deni Avdija; Kyle Kuzma; Tyus Jones,high-minute-player absence spike
2023-24,2024-03-27,0022301056,DET,DET @ MIN,L,True,2024-03-17,22,32,-3.1,-19.8,-16.7,6,Ausar Thompson; Bojan Bogdanovic; Isaiah Stewart; Jaden Ivey; Killian Hayes; Simone Fontecchio,post-elimination point-differential drop; high-minute-player absence spike
2023-24,2024-03-27,0022301051,POR,POR @ ATL,L,True,2024-03-18,29,37,-3.1,-11.2,-8.1,5,Anfernee Simons; Deandre Ayton; Jerami Grant; Malcolm Brogdon; Shaedon Sharpe,post-elimination point-differential drop; high-minute-player absence spike
2023-24,2024-03-29,0022301065,DET,DET @ WAS,W,True,2024-03-17,21,34,-3.1,-14.2,-11.1,5,Ausar Thompson; Bojan Bogdanovic; Isaiah Stewart; Killian Hayes; Simone Fontecchio,post-elimination point-differential drop; high-minute-player absence spike
2023-24,2024-03-29,0022301068,POR,POR @ MIA,L,True,2024-03-18,28,38,-3.1,-20.6,-17.5,5,Anfernee Simons; Jerami Grant; Malcolm Brogdon; Shaedon Sharpe; Toumani Camara,post-elimination point-differential drop; high-minute-player absence spike
2023-24,2024-03-31,0022301085,SAS,SAS vs. GSW,L,True,2024-03-09,26,39,-2.7,-3.2,-0.5,3,Devin Vassell; Jeremy Sochan; Keldon Johnson,high-minute-player absence spike
2023-24,2024-03-31,0022301080,TOR,TOR vs. PHI,L,True,2024-03-31,32,34,-15.9,,,7,Dennis Schröder; Immanuel Quickley; Jakob Poeltl; OG Anunoby; Pascal Siakam; RJ Barrett; Scottie Barnes,high-minute-player absence spike
2023-24,2024-03-31,0022301086,UTA,UTA @ SAC,L,True,2024-03-31,37,39,-11.7,,,3,John Collins; Jordan Clarkson; Lauri Markkanen,high-minute-player absence spike
2023-24,2024-03-31,0022301081,WAS,WAS vs. MIA,L,True,2024-03-14,22,34,-10.9,-3.8,7.1000000000000005,4,Bilal Coulibaly; Daniel Gafford; Kyle Kuzma; Tyus Jones,high-minute-player absence spike
2023-24,2024-04-01,0022301088,DET,DET vs. MEM,L,True,2024-03-17,21,34,-3.1,-9.2,-6.1,5,Ausar Thompson; Bojan Bogdanovic; Isaiah Stewart; Killian Hayes; Simone Fontecchio,post-elimination point-differential drop; high-minute-player absence spike
2023-24,2024-04-01,0022301088,MEM,MEM @ DET,W,True,2024-03-22,32,40,-7.2,-12.6,-5.3999999999999995,3,Desmond Bane; Marcus Smart; Vince Williams Jr.,post-elimination point-differential drop
2023-24,2024-04-01,0022301090,POR,POR @ ORL,L,True,2024-03-18,27,40,-3.1,-19.2,-16.099999999999998,5,Anfernee Simons; Jerami Grant; Malcolm Brogdon; Shaedon Sharpe; Toumani Camara,post-elimination point-differential drop; high-minute-player absence spike
2023-24,2024-04-02,0022301099,SAS,SAS @ DEN,L,True,2024-03-09,25,40,-2.7,0.8,3.5,3,Devin Vassell; Jeremy Sochan; Keldon Johnson,high-minute-player absence spike
2023-24,2024-04-02,0022301100,UTA,UTA vs. CLE,L,True,2024-03-31,36,40,-11.7,,,3,John Collins; Jordan Clarkson; Lauri Markkanen,high-minute-player absence spike
2023-24,2024-04-02,0022301095,WAS,WAS vs. MIL,W,True,2024-03-14,21,35,-10.9,-3.6,7.300000000000001,4,Bilal Coulibaly; Daniel Gafford; Kyle Kuzma; Tyus Jones,high-minute-player absence spike
2023-24,2024-04-03,0022301102,CHA,CHA vs. POR,L,True,2024-03-25,25,35,-10.6,-8.0,2.5999999999999996,9,Cody Martin; Gordon Hayward; LaMelo Ball; Mark Williams; Miles Bridges; Nick Richards; P.J. Washington; Terry Rozier; Vasilije Micic,high-minute-player absence spike
2023-24,2024-04-03,0022301104,DET,DET @ ATL,L,True,2024-03-17,20,35,-3.1,-8.2,-5.1,6,Ausar Thompson; Bojan Bogdanovic; Cade Cunningham; Isaiah Stewart; Killian Hayes; Simone Fontecchio,post-elimination point-differential drop; high-minute-player absence spike
2023-24,2024-04-03,0022301102,POR,POR @ CHA,W,True,2024-03-18,26,41,-3.1,-18.0,-14.9,5,Anfernee Simons; Jerami Grant; Malcolm Brogdon; Shaedon Sharpe; Toumani Camara,post-elimination point-differential drop; high-minute-player absence spike
2023-24,2024-04-03,0022301108,TOR,TOR @ MIN,L,True,2024-03-31,30,35,-15.9,,,9,Bruce Brown; Dennis Schröder; Gary Trent Jr.; Jakob Poeltl; Kelly Olynyk; OG Anunoby; Pascal Siakam; RJ Barrett; Scottie Barnes,high-minute-player absence spike
2023-24,2024-04-03,0022301103,WAS,WAS vs. LAL,L,True,2024-03-14,21,35,-10.9,-5.0,5.9,4,Bilal Coulibaly; Daniel Gafford; Marvin Bagley III; Tyus Jones,high-minute-player absence spike
2023-24,2024-04-05,0022301121,DET,DET @ MEM,L,True,2024-03-17,19,36,-3.1,-6.8,-3.6999999999999997,6,Ausar Thompson; Bojan Bogdanovic; Cade Cunningham; Isaiah Stewart; Killian Hayes; Simone Fontecchio,high-minute-player absence spike
2023-24,2024-04-05,0022301121,MEM,MEM vs. DET,W,True,2024-03-22,32,42,-7.2,-2.4,4.800000000000001,6,Desmond Bane; Jaren Jackson Jr.; Luke Kennard; Marcus Smart; Santi Aldama; Vince Williams Jr.,high-minute-player absence spike
2023-24,2024-04-05,0022301117,POR,POR @ WAS,W,True,2024-03-18,26,42,-3.1,-13.2,-10.1,5,Anfernee Simons; Jerami Grant; Malcolm Brogdon; Shaedon Sharpe; Toumani Camara,post-elimination point-differential drop; high-minute-player absence spike
2023-24,2024-04-05,0022301123,SAS,SAS @ NOP,W,True,2024-03-09,24,42,-2.7,0.8,3.5,3,Devin Vassell; Jeremy Sochan; Keldon Johnson,high-minute-player absence spike
2023-24,2024-04-05,0022301126,UTA,UTA @ LAC,L,True,2024-03-31,35,42,-11.7,,,3,John Collins; Jordan Clarkson; Lauri Markkanen,high-minute-player absence spike
2023-24,2024-04-05,0022301117,WAS,WAS vs. POR,L,True,2024-03-14,20,36,-10.9,-5.6,5.300000000000001,5,Bilal Coulibaly; Daniel Gafford; Kyle Kuzma; Marvin Bagley III; Tyus Jones,high-minute-player absence spike
2023-24,2024-04-06,0022301128,DET,DET @ BKN,L,True,2024-03-17,18,36,-3.1,-5.8,-2.6999999999999997,7,Ausar Thompson; Bojan Bogdanovic; Cade Cunningham; Isaiah Stewart; Jalen Duren; Killian Hayes; Simone Fontecchio,high-minute-player absence spike
2023-24,2024-04-06,0022301129,MEM,MEM vs. PHI,L,True,2024-03-22,32,42,-7.2,-4.0,3.2,6,Desmond Bane; Jaren Jackson Jr.; Luke Kennard; Marcus Smart; Santi Aldama; Vince Williams Jr.,high-minute-player absence spike
2023-24,2024-04-07,0022301141,BKN,BKN vs. SAC,L,True,2024-04-06,35,36,-4.1,,,5,Cameron Johnson; Dorian Finney-Smith; Nic Claxton; Royce O'Neale; Spencer Dinwiddie,high-minute-player absence spike
2023-24,2024-04-07,0022301134,POR,POR @ BOS,L,True,2024-03-18,26,42,-3.1,-13.8,-10.700000000000001,5,Anfernee Simons; Jerami Grant; Malcolm Brogdon; Shaedon Sharpe; Toumani Camara,post-elimination point-differential drop; high-minute-player absence spike
2023-24,2024-04-07,0022301142,UTA,UTA @ GSW,L,True,2024-03-31,34,42,-11.7,,,3,John Collins; Jordan Clarkson; Lauri Markkanen,high-minute-player absence spike
2023-24,2024-04-07,0022301137,WAS,WAS @ TOR,L,True,2024-03-14,19,36,-10.9,-5.4,5.5,5,Bilal Coulibaly; Daniel Gafford; Kyle Kuzma; Marvin Bagley III; Tyus Jones,high-minute-player absence spike
2023-24,2024-04-09,0022301145,DET,DET @ PHI,L,True,2024-03-17,17,36,-3.1,-11.2,-8.1,6,Ausar Thompson; Bojan Bogdanovic; Cade Cunningham; Isaiah Stewart; Killian Hayes; Simone Fontecchio,post-elimination point-differential drop; high-minute-player absence spike
2023-24,2024-04-09,0022301151,MEM,MEM vs. SAS,L,True,2024-03-22,31,43,-7.2,-1.0,6.2,6,Desmond Bane; Jaren Jackson Jr.; Luke Kennard; Marcus Smart; Santi Aldama; Vince Williams Jr.,high-minute-player absence spike
2023-24,2024-04-09,0022301157,POR,POR vs. NOP,L,True,2024-03-18,25,43,-3.1,-3.8,-0.6999999999999997,5,Anfernee Simons; Jerami Grant; Malcolm Brogdon; Shaedon Sharpe; Toumani Camara,high-minute-player absence spike
2023-24,2024-04-09,0022301151,SAS,SAS @ MEM,W,True,2024-03-09,23,43,-2.7,0.2,2.9000000000000004,3,Devin Vassell; Jeremy Sochan; Keldon Johnson,high-minute-player absence spike
2023-24,2024-04-09,0022301154,UTA,UTA vs. DEN,L,True,2024-03-31,33,43,-11.7,-18.0,-6.300000000000001,4,Collin Sexton; John Collins; Jordan Clarkson; Lauri Markkanen,post-elimination point-differential drop; high-minute-player absence spike
2023-24,2024-04-09,0022301152,WAS,WAS @ MIN,L,True,2024-03-14,18,36,-10.9,-4.8,6.1000000000000005,5,Bilal Coulibaly; Daniel Gafford; Kyle Kuzma; Marvin Bagley III; Tyus Jones,high-minute-player absence spike
2023-24,2024-04-10,0022301158,MEM,MEM @ CLE,L,True,2024-03-22,30,44,-7.2,-3.8,3.4000000000000004,6,Desmond Bane; Jaren Jackson Jr.; Luke Kennard; Marcus Smart; Santi Aldama; Vince Williams Jr.,high-minute-player absence spike
2023-24,2024-04-10,0022301163,SAS,SAS @ OKC,L,True,2024-03-09,23,44,-2.7,-6.6,-3.8999999999999995,4,Devin Vassell; Jeremy Sochan; Keldon Johnson; Victor Wembanyama,high-minute-player absence spike
2023-24,2024-04-10,0022301160,TOR,TOR @ BKN,L,True,2024-03-31,28,36,-15.9,-11.0,4.9,9,Bruce Brown; Dennis Schröder; Gary Trent Jr.; Jakob Poeltl; Kelly Olynyk; OG Anunoby; Pascal Siakam; RJ Barrett; Scottie Barnes,high-minute-player absence spike
2023-24,2024-04-11,0022301166,DET,DET vs. CHI,L,True,2024-03-17,16,36,-3.1,-15.2,-12.1,6,Ausar Thompson; Bojan Bogdanovic; Cade Cunningham; Isaiah Stewart; Killian Hayes; Simone Fontecchio,post-elimination point-differential drop; high-minute-player absence spike
2023-24,2024-04-11,0022301169,POR,POR vs. GSW,L,True,2024-03-18,24,44,-3.1,-5.2,-2.1,6,Anfernee Simons; Dalano Banton; Jerami Grant; Malcolm Brogdon; Shaedon Sharpe; Toumani Camara,high-minute-player absence spike
2023-24,2024-04-11,0022301168,UTA,UTA vs. HOU,W,True,2024-03-31,32,44,-11.7,-13.2,-1.5,4,Collin Sexton; John Collins; Jordan Clarkson; Lauri Markkanen,high-minute-player absence spike
2023-24,2024-04-12,0022301175,BKN,BKN @ NYK,L,True,2024-04-06,34,36,-4.1,,,5,Cameron Johnson; Dennis Schröder; Dorian Finney-Smith; Royce O'Neale; Spencer Dinwiddie,high-minute-player absence spike
2023-24,2024-04-12,0022301181,DET,DET @ DAL,W,True,2024-03-17,15,36,-3.1,-10.0,-6.9,7,Ausar Thompson; Bojan Bogdanovic; Cade Cunningham; Isaiah Stewart; Jalen Duren; Killian Hayes; Simone Fontecchio,post-elimination point-differential drop; high-minute-player absence spike
2023-24,2024-04-12,0022301177,MEM,MEM vs. LAL,L,True,2024-03-22,29,45,-7.2,-6.4,0.7999999999999998,6,Desmond Bane; Jaren Jackson Jr.; Luke Kennard; Marcus Smart; Santi Aldama; Vince Williams Jr.,high-minute-player absence spike
2023-24,2024-04-12,0022301183,POR,POR vs. HOU,L,True,2024-03-18,23,45,-3.1,-7.6,-4.5,5,Anfernee Simons; Jerami Grant; Malcolm Brogdon; Shaedon Sharpe; Toumani Camara,high-minute-player absence spike
2023-24,2024-04-12,0022301180,SAS,SAS vs. DEN,W,True,2024-03-09,22,45,-2.7,-5.4,-2.7,3,Devin Vassell; Jeremy Sochan; Keldon Johnson,high-minute-player absence spike
2023-24,2024-04-12,0022301184,UTA,UTA @ LAC,W,True,2024-03-31,32,45,-11.7,-9.8,1.8999999999999986,4,Collin Sexton; John Collins; Jordan Clarkson; Lauri Markkanen,high-minute-player absence spike
2023-24,2024-04-12,0022301172,WAS,WAS vs. CHI,L,True,2024-03-14,17,36,-10.9,-6.0,4.9,6,Bilal Coulibaly; Daniel Gafford; Jordan Poole; Kyle Kuzma; Marvin Bagley III; Tyus Jones,high-minute-player absence spike
2023-24,2024-04-14,0022301192,BKN,BKN @ PHI,L,True,2024-04-06,33,36,-4.1,-8.2,-4.1,5,Cameron Johnson; Dennis Schröder; Dorian Finney-Smith; Royce O'Neale; Spencer Dinwiddie,high-minute-player absence spike
2023-24,2024-04-14,0022301187,CHA,CHA @ CLE,W,True,2024-03-25,21,36,-10.6,-10.2,0.40000000000000036,10,Brandon Miller; Cody Martin; Gordon Hayward; Grant Williams; LaMelo Ball; Mark Williams; Miles Bridges; Nick Richards; P.J. Washington; Terry Rozier,high-minute-player absence spike
2023-24,2024-04-14,0022301197,DET,DET @ SAS,L,True,2024-03-17,15,36,-3.1,-12.0,-8.9,7,Ausar Thompson; Bojan Bogdanovic; Cade Cunningham; Isaiah Stewart; Jalen Duren; Killian Hayes; Simone Fontecchio,post-elimination point-differential drop; high-minute-player absence spike
2023-24,2024-04-14,0022301199,HOU,HOU @ LAC,W,True,2024-04-09,41,45,-1.1,,,3,Alperen Sengun; Dillon Brooks; Fred VanVleet,high-minute-player absence spike
2023-24,2024-04-14,0022301193,MEM,MEM vs. DEN,L,True,2024-03-22,28,45,-7.2,-13.0,-5.8,6,Desmond Bane; Jaren Jackson Jr.; Luke Kennard; Marcus Smart; Santi Aldama; Vince Williams Jr.,post-elimination point-differential drop; high-minute-player absence spike
2023-24,2024-04-14,0022301200,POR,POR @ SAC,L,True,2024-03-18,22,45,-3.1,-16.6,-13.500000000000002,7,Anfernee Simons; Deandre Ayton; Jerami Grant; Malcolm Brogdon; Scoot Henderson; Shaedon Sharpe; Toumani Camara,post-elimination point-differential drop; high-minute-player absence spike
2023-24,2024-04-14,0022301197,SAS,SAS vs. DET,W,True,2024-03-09,22,45,-2.7,-0.2,2.5,4,Devin Vassell; Jeremy Sochan; Keldon Johnson; Victor Wembanyama,high-minute-player absence spike
2023-24,2024-04-14,0022301189,TOR,TOR @ MIA,L,True,2024-03-31,26,36,-15.9,-10.0,5.9,7,Dennis Schröder; Immanuel Quickley; Jakob Poeltl; OG Anunoby; Pascal Siakam; RJ Barrett; Scottie Barnes,high-minute-player absence spike
2023-24,2024-04-14,0022301198,UTA,UTA @ GSW,L,True,2024-03-31,32,45,-11.7,-5.4,6.299999999999999,4,Collin Sexton; John Collins; Jordan Clarkson; Lauri Markkanen,high-minute-player absence spike
2023-24,2024-04-14,0022301186,WAS,WAS @ BOS,L,True,2024-03-14,16,36,-10.9,-7.0,3.9000000000000004,6,Bilal Coulibaly; Daniel Gafford; Jordan Poole; Kyle Kuzma; Marvin Bagley III; Tyus Jones,high-minute-player absence spike
2024-25,2025-03-23,0022401029,NOP,NOP @ DET,L,True,2025-03-17,30,34,-8.4,,,6,Brandon Ingram; Dejounte Murray; Herbert Jones; Trey Murphy III; Yves Missi; Zion Williamson,high-minute-player absence spike
2024-25,2025-03-23,0022401030,UTA,UTA vs. CLE,L,True,2025-03-12,27,34,-6.6,-15.0,-8.4,2,John Collins; Lauri Markkanen,post-elimination point-differential drop
2024-25,2025-03-24,0022401041,NOP,NOP vs. PHI,W,True,2025-03-17,29,34,-8.4,-15.2,-6.799999999999999,6,Brandon Ingram; CJ McCollum; Dejounte Murray; Herbert Jones; Trey Murphy III; Zion Williamson,post-elimination point-differential drop; high-minute-player absence spike
2024-25,2025-03-25,0022401050,UTA,UTA vs. MEM,L,True,2025-03-12,26,35,-6.6,-17.2,-10.6,3,John Collins; Jordan Clarkson; Lauri Markkanen,post-elimination point-differential drop
2024-25,2025-03-26,0022401053,WAS,WAS @ PHI,W,True,2025-03-22,26,31,-8.6,,,4,Bilal Coulibaly; Corey Kispert; Kyle Kuzma; Kyshawn George,high-minute-player absence spike
2024-25,2025-03-27,0022401065,UTA,UTA vs. HOU,L,True,2025-03-12,25,35,-6.6,-16.6,-10.000000000000002,3,John Collins; Jordan Clarkson; Lauri Markkanen,post-elimination point-differential drop
2024-25,2025-03-27,0022401061,WAS,WAS vs. IND,L,True,2025-03-22,26,31,-8.6,,,4,Bilal Coulibaly; Corey Kispert; Kyle Kuzma; Kyshawn George,high-minute-player absence spike
2024-25,2025-03-28,0022401072,NOP,NOP vs. GSW,L,True,2025-03-17,29,36,-8.4,-9.2,-0.7999999999999989,6,Brandon Ingram; CJ McCollum; Dejounte Murray; Herbert Jones; Trey Murphy III; Zion Williamson,high-minute-player absence spike
2024-25,2025-03-28,0022401073,UTA,UTA @ DEN,L,True,2025-03-12,24,36,-6.6,-27.0,-20.4,4,John Collins; Jordan Clarkson; Lauri Markkanen; Walker Kessler,post-elimination point-differential drop
2024-25,2025-03-29,0022401075,BKN,BKN @ WAS,W,True,2025-03-29,31,32,-10.5,,,6,Ben Simmons; Cam Thomas; D'Angelo Russell; Dennis Schröder; Dorian Finney-Smith; Nic Claxton,high-minute-player absence spike
2024-25,2025-03-29,0022401075,WAS,WAS vs. BKN,L,True,2025-03-22,25,32,-8.6,-15.6,-7.0,4,Bilal Coulibaly; Corey Kispert; Kyle Kuzma; Kyshawn George,post-elimination point-differential drop; high-minute-player absence spike
2024-25,2025-03-30,0022401085,CHA,CHA @ NOP,L,True,2025-03-25,27,33,-9.9,,,8,Brandon Miller; Cody Martin; Damion Baugh; Grant Williams; Josh Green; LaMelo Ball; Mark Williams; Tre Mann,high-minute-player absence spike
2024-25,2025-03-30,0022401085,NOP,NOP vs. CHA,W,True,2025-03-17,28,36,-8.4,-9.2,-0.7999999999999989,6,Brandon Ingram; CJ McCollum; Dejounte Murray; Herbert Jones; Trey Murphy III; Zion Williamson,high-minute-player absence spike
2024-25,2025-03-30,0022401087,PHI,PHI vs. TOR,L,True,2025-03-30,31,33,-12.2,,,8,Caleb Martin; Guerschon Yabusele; Jared McCain; Joel Embiid; Kelly Oubre Jr.; Paul George; Quentin Grimes; Tyrese Maxey,high-minute-player absence spike
2024-25,2025-03-31,0022401089,UTA,UTA @ CHA,L,True,2025-03-12,23,36,-6.6,-23.4,-16.799999999999997,5,Collin Sexton; John Collins; Jordan Clarkson; Lauri Markkanen; Walker Kessler,post-elimination point-differential drop; high-minute-player absence spike
2024-25,2025-03-31,0022401092,WAS,WAS vs. MIA,L,True,2025-03-22,24,33,-8.6,-17.0,-8.4,4,Bilal Coulibaly; Corey Kispert; Kyle Kuzma; Kyshawn George,post-elimination point-differential drop; high-minute-player absence spike
2024-25,2025-04-01,0022401098,PHI,PHI @ NYK,L,True,2025-03-30,30,33,-12.2,,,7,Caleb Martin; Guerschon Yabusele; Jared McCain; Joel Embiid; Kelly Oubre Jr.; Paul George; Tyrese Maxey,high-minute-player absence spike
2024-25,2025-04-02,0022401111,NOP,NOP @ LAC,L,True,2025-03-17,28,36,-8.4,-4.2,4.2,6,Brandon Ingram; CJ McCollum; Dejounte Murray; Herbert Jones; Trey Murphy III; Zion Williamson,high-minute-player absence spike
2024-25,2025-04-02,0022401107,UTA,UTA @ HOU,L,True,2025-03-12,22,36,-6.6,-25.2,-18.6,3,John Collins; Jordan Clarkson; Lauri Markkanen,post-elimination point-differential drop
2024-25,2025-04-02,0022401105,WAS,WAS vs. SAC,W,True,2025-03-22,23,34,-8.6,-14.4,-5.800000000000001,4,Bilal Coulibaly; Corey Kispert; Kyle Kuzma; Kyshawn George,post-elimination point-differential drop; high-minute-player absence spike
2024-25,2025-04-03,0022401113,BKN,BKN vs. MIN,L,True,2025-03-29,31,34,-10.5,,,7,Ben Simmons; Cam Thomas; Cameron Johnson; Dennis Schröder; Dorian Finney-Smith; Jalen Wilson; Ziaire Williams,high-minute-player absence spike
2024-25,2025-04-03,0022401112,WAS,WAS vs. ORL,L,True,2025-03-22,23,34,-8.6,-17.8,-9.200000000000001,5,Bilal Coulibaly; Corey Kispert; Jordan Poole; Kyle Kuzma; Kyshawn George,post-elimination point-differential drop; high-minute-player absence spike
2024-25,2025-04-04,0022401118,CHA,CHA vs. SAC,L,True,2025-03-25,25,34,-9.9,-9.6,0.3000000000000007,8,Brandon Miller; Cody Martin; Damion Baugh; Grant Williams; Josh Green; LaMelo Ball; Mark Williams; Tre Mann,high-minute-player absence spike
2024-25,2025-04-04,0022401126,NOP,NOP @ LAL,L,True,2025-03-17,27,36,-8.4,-6.2,2.2,6,Brandon Ingram; CJ McCollum; Dejounte Murray; Herbert Jones; Trey Murphy III; Zion Williamson,high-minute-player absence spike
2024-25,2025-04-04,0022401121,TOR,TOR vs. DET,L,True,2025-04-04,33,34,-4.1,,,6,Colin Castleton; Davion Mitchell; Gradey Dick; Ochai Agbaji; RJ Barrett; Scottie Barnes,high-minute-player absence spike
2024-25,2025-04-04,0022401119,UTA,UTA @ IND,L,True,2025-03-12,21,36,-6.6,-23.4,-16.799999999999997,5,John Collins; Jordan Clarkson; KJ Martin; Lauri Markkanen; Walker Kessler,post-elimination point-differential drop; high-minute-player absence spike
2024-25,2025-04-06,0022401134,BKN,BKN vs. TOR,L,True,2025-03-29,30,35,-10.5,,,8,Ben Simmons; Cam Thomas; Cameron Johnson; D'Angelo Russell; Dennis Schröder; Dorian Finney-Smith; Jalen Wilson; Nic Claxton,high-minute-player absence spike
2024-25,2025-04-06,0022401133,CHA,CHA vs. CHI,L,True,2025-03-25,24,35,-9.9,-10.2,-0.29999999999999893,7,Brandon Miller; Cody Martin; Damion Baugh; Grant Williams; Josh Green; LaMelo Ball; Tre Mann,high-minute-player absence spike
2024-25,2025-04-06,0022400617,NOP,NOP vs. MIL,L,True,2025-03-17,26,37,-8.4,-9.6,-1.1999999999999993,7,Brandon Ingram; CJ McCollum; Dejounte Murray; Herbert Jones; Kelly Olynyk; Trey Murphy III; Zion Williamson,high-minute-player absence spike
2024-25,2025-04-06,0022401134,TOR,TOR @ BKN,W,True,2025-04-04,32,35,-4.1,,,6,Colin Castleton; Davion Mitchell; Gradey Dick; Immanuel Quickley; Jakob Poeltl; Scottie Barnes,high-minute-player absence spike
2024-25,2025-04-06,0022401136,UTA,UTA @ ATL,L,True,2025-03-12,20,37,-6.6,-23.8,-17.200000000000003,5,John Collins; Jordan Clarkson; KJ Martin; Lauri Markkanen; Walker Kessler,post-elimination point-differential drop; high-minute-player absence spike
2024-25,2025-04-06,0022401137,WAS,WAS @ BOS,L,True,2025-03-22,22,35,-8.6,-14.0,-5.4,4,Bilal Coulibaly; Corey Kispert; Kyle Kuzma; Kyshawn George,post-elimination point-differential drop; high-minute-player absence spike
2024-25,2025-04-07,0022401145,PHI,PHI @ MIA,L,True,2025-03-30,27,35,-12.2,-12.4,-0.20000000000000107,8,Caleb Martin; Guerschon Yabusele; Jared McCain; Joel Embiid; Justin Edwards; Kelly Oubre Jr.; Paul George; Tyrese Maxey,high-minute-player absence spike
2024-25,2025-04-08,0022401150,BKN,BKN vs. NOP,W,True,2025-03-29,29,36,-10.5,-2.8,7.7,7,Ben Simmons; Cam Thomas; Cameron Johnson; D'Angelo Russell; Dennis Schröder; Dorian Finney-Smith; Keon Johnson,high-minute-player absence spike
2024-25,2025-04-08,0022401146,CHA,CHA vs. MEM,L,True,2025-03-25,23,36,-9.9,-14.2,-4.299999999999999,7,Brandon Miller; Cody Martin; Damion Baugh; Grant Williams; Josh Green; LaMelo Ball; Tre Mann,high-minute-player absence spike
2024-25,2025-04-08,0022401150,NOP,NOP @ BKN,L,True,2025-03-17,25,38,-8.4,-7.4,1.0,6,Brandon Ingram; CJ McCollum; Dejounte Murray; Herbert Jones; Trey Murphy III; Zion Williamson,high-minute-player absence spike
2024-25,2025-04-08,0022401148,WAS,WAS @ IND,L,True,2025-03-22,21,36,-8.6,-14.6,-6.0,3,Bilal Coulibaly; Corey Kispert; Kyle Kuzma,post-elimination point-differential drop
2024-25,2025-04-09,0022401158,CHA,CHA @ TOR,L,True,2025-03-25,22,36,-9.9,-21.0,-11.1,8,Brandon Miller; Cody Martin; Grant Williams; Josh Green; LaMelo Ball; Mark Williams; Miles Bridges; Tre Mann,post-elimination point-differential drop; high-minute-player absence spike
2024-25,2025-04-09,0022401157,PHI,PHI @ WAS,W,True,2025-03-30,26,36,-12.2,-5.0,7.199999999999999,8,Caleb Martin; Guerschon Yabusele; Jared McCain; Joel Embiid; Justin Edwards; Kelly Oubre Jr.; Paul George; Tyrese Maxey,high-minute-player absence spike
2024-25,2025-04-09,0022401162,UTA,UTA vs. POR,W,True,2025-03-12,19,38,-6.6,-15.2,-8.6,6,Isaiah Collier; John Collins; Jordan Clarkson; KJ Martin; Lauri Markkanen; Walker Kessler,post-elimination point-differential drop; high-minute-player absence spike
2024-25,2025-04-09,0022401157,WAS,WAS vs. PHI,L,True,2025-03-22,20,36,-8.6,-13.2,-4.6,4,Bilal Coulibaly; Corey Kispert; Jordan Poole; Kyle Kuzma,high-minute-player absence spike
2024-25,2025-04-10,0022401169,BKN,BKN vs. ATL,L,True,2025-03-29,29,36,-10.5,-8.2,2.3000000000000007,6,Ben Simmons; Cam Thomas; Cameron Johnson; D'Angelo Russell; Dennis Schröder; Dorian Finney-Smith,high-minute-player absence spike
2024-25,2025-04-10,0022401161,NOP,NOP @ MIL,L,True,2025-03-17,24,38,-8.4,-13.2,-4.799999999999999,8,Brandon Ingram; CJ McCollum; Dejounte Murray; Herbert Jones; Kelly Olynyk; Trey Murphy III; Yves Missi; Zion Williamson,high-minute-player absence spike
2024-25,2025-04-11,0022401179,BKN,BKN @ MIN,L,True,2025-03-29,28,36,-10.5,-14.2,-3.6999999999999993,8,Ben Simmons; Cam Thomas; Cameron Johnson; D'Angelo Russell; Dennis Schröder; Dorian Finney-Smith; Nic Claxton; Ziaire Williams,high-minute-player absence spike
2024-25,2025-04-11,0022401174,CHA,CHA @ BOS,L,True,2025-03-25,21,36,-9.9,-25.4,-15.499999999999998,7,Brandon Miller; Cody Martin; Grant Williams; Josh Green; LaMelo Ball; Miles Bridges; Tre Mann,post-elimination point-differential drop; high-minute-player absence spike
2024-25,2025-04-11,0022401177,NOP,NOP vs. MIA,L,True,2025-03-17,23,38,-8.4,-19.8,-11.4,8,Brandon Ingram; CJ McCollum; Dejounte Murray; Herbert Jones; Kelly Olynyk; Trey Murphy III; Yves Missi; Zion Williamson,post-elimination point-differential drop; high-minute-player absence spike
2024-25,2025-04-11,0022401173,PHI,PHI vs. ATL,L,True,2025-03-30,26,36,-12.2,-5.0,7.199999999999999,9,Caleb Martin; Guerschon Yabusele; Jared McCain; Joel Embiid; Justin Edwards; Kelly Oubre Jr.; Paul George; Quentin Grimes; Tyrese Maxey,high-minute-player absence spike
2024-25,2025-04-11,0022401183,POR,POR vs. GSW,L,True,2025-04-11,37,38,-2.1,,,6,Anfernee Simons; Deandre Ayton; Deni Avdija; Jerami Grant; Scoot Henderson; Shaedon Sharpe,high-minute-player absence spike
2024-25,2025-04-11,0022401182,SAS,SAS @ PHX,L,True,2025-04-08,35,38,-6.0,,,4,De'Aaron Fox; Devin Vassell; Jeremy Sochan; Victor Wembanyama,high-minute-player absence spike
2024-25,2025-04-11,0022401178,TOR,TOR @ DAL,L,True,2025-04-04,32,36,-4.1,,,6,Colin Castleton; Davion Mitchell; Gradey Dick; Immanuel Quickley; Jakob Poeltl; RJ Barrett,high-minute-player absence spike
2024-25,2025-04-11,0022401181,UTA,UTA vs. OKC,L,True,2025-03-12,19,38,-6.6,-21.2,-14.6,7,Collin Sexton; Isaiah Collier; John Collins; Jordan Clarkson; KJ Martin; Lauri Markkanen; Walker Kessler,post-elimination point-differential drop; high-minute-player absence spike
2024-25,2025-04-11,0022401176,WAS,WAS @ CHI,L,True,2025-03-22,19,36,-8.6,-20.2,-11.6,4,Bilal Coulibaly; Corey Kispert; Jordan Poole; Kyle Kuzma,post-elimination point-differential drop; high-minute-player absence spike
2024-25,2025-04-13,0022401188,BKN,BKN vs. NYK,L,True,2025-03-29,27,37,-10.5,-12.8,-2.3000000000000007,7,Ben Simmons; Cam Thomas; Cameron Johnson; D'Angelo Russell; Dennis Schröder; Dorian Finney-Smith; Ziaire Williams,high-minute-player absence spike
2024-25,2025-04-13,0022401187,CHA,CHA @ BOS,L,True,2025-03-25,20,37,-9.9,-22.2,-12.299999999999999,8,Brandon Miller; Cody Martin; Grant Williams; Josh Green; LaMelo Ball; Mark Williams; Miles Bridges; Tre Mann,post-elimination point-differential drop; high-minute-player absence spike
2024-25,2025-04-13,0022401196,NOP,NOP vs. OKC,L,True,2025-03-17,22,39,-8.4,-19.6,-11.200000000000001,8,Brandon Ingram; CJ McCollum; Dejounte Murray; Herbert Jones; Kelly Olynyk; Trey Murphy III; Yves Missi; Zion Williamson,post-elimination point-differential drop; high-minute-player absence spike
2024-25,2025-04-13,0022401191,PHI,PHI vs. CHI,L,True,2025-03-30,25,37,-12.2,-6.4,5.799999999999999,8,Caleb Martin; Guerschon Yabusele; Jared McCain; Joel Embiid; Justin Edwards; Kelly Oubre Jr.; Paul George; Tyrese Maxey,high-minute-player absence spike
2024-25,2025-04-13,0022401200,PHX,PHX @ SAC,L,True,2025-04-11,37,39,-16.6,,,3,Bradley Beal; Devin Booker; Kevin Durant,high-minute-player absence spike
2024-25,2025-04-13,0022401199,POR,POR vs. LAL,W,True,2025-04-11,36,39,-2.1,,,6,Anfernee Simons; Deandre Ayton; Deni Avdija; Jerami Grant; Scoot Henderson; Shaedon Sharpe,high-minute-player absence spike
2024-25,2025-04-13,0022401197,SAS,SAS vs. TOR,W,True,2025-04-08,34,39,-6.0,,,4,De'Aaron Fox; Devin Vassell; Jeremy Sochan; Victor Wembanyama,high-minute-player absence spike
2024-25,2025-04-13,0022401195,UTA,UTA @ MIN,L,True,2025-03-12,18,39,-6.6,-15.8,-9.200000000000001,7,Collin Sexton; Isaiah Collier; John Collins; Jordan Clarkson; KJ Martin; Lauri Markkanen; Walker Kessler,post-elimination point-differential drop; high-minute-player absence spike
2024-25,2025-04-13,0022401190,WAS,WAS @ MIA,W,True,2025-03-22,18,37,-8.6,-17.6,-9.000000000000002,4,Bilal Coulibaly; Corey Kispert; Jordan Poole; Kyle Kuzma,post-elimination point-differential drop; high-minute-player absence spike
