Model Variant,Season,Team,Actual Wins,Sim Mean Wins,Sim Std,Sim Min,Sim Max,Abs Error
all_training_games,2018-19,MIL,60,56.678,3.8205906497442195,44,69,3.3220000000000027
all_training_games,2018-19,TOR,58,55.963,4.077039765964182,44,67,2.036999999999999
all_training_games,2018-19,GSW,57,51.685,3.997969329391952,39,64,5.314999999999998
all_training_games,2018-19,DEN,54,49.881,4.100689534048459,38,63,4.119
all_training_games,2018-19,HOU,53,51.343,4.17238058663873,37,64,1.6569999999999965
all_training_games,2018-19,POR,53,50.634,4.105227995726516,33,64,2.3659999999999997
all_training_games,2018-19,PHI,51,51.799,4.069048556623068,36,63,0.7989999999999995
all_training_games,2018-19,UTA,50,50.91,4.00448947257149,38,63,0.9099999999999966
all_training_games,2018-19,BOS,49,48.009,4.055288444040012,31,60,0.9909999999999997
all_training_games,2018-19,OKC,49,49.801,4.133338055795038,37,64,0.8010000000000019
all_training_games,2018-19,IND,48,48.195,4.040210179965669,35,60,0.19500000000000028
all_training_games,2018-19,LAC,48,43.736,4.071717436522682,31,57,4.264000000000003
all_training_games,2018-19,SAS,48,45.832,4.247094749804131,32,60,2.1679999999999993
all_training_games,2018-19,BKN,42,38.296,4.239853813560131,26,50,3.7040000000000006
all_training_games,2018-19,ORL,42,37.501,4.161889032677382,24,50,4.499000000000002
all_training_games,2018-19,DET,41,41.786,4.102564446176944,30,53,0.7860000000000014
all_training_games,2018-19,CHA,39,39.687,4.292721567777071,24,53,0.6869999999999976
all_training_games,2018-19,MIA,39,39.359,4.1897103327882546,26,51,0.35900000000000176
all_training_games,2018-19,SAC,39,39.757,4.050229049739701,24,53,0.7569999999999979
all_training_games,2018-19,LAL,37,38.392,4.163612814812596,24,52,1.392000000000003
all_training_games,2018-19,MIN,36,40.057,4.089312102722594,27,55,4.057000000000002
all_training_games,2018-19,DAL,33,32.268,3.9628121176609077,19,42,0.7319999999999993
all_training_games,2018-19,MEM,33,34.033,4.082471993483553,22,48,1.0330000000000013
all_training_games,2018-19,NOP,33,40.136,4.248712223198413,24,52,7.136000000000003
all_training_games,2018-19,WAS,32,35.77,4.166588587857036,24,49,3.770000000000003
all_training_games,2018-19,ATL,29,28.407,3.9490436748592574,17,42,0.593
all_training_games,2018-19,CHI,22,23.428,3.789350231263296,8,34,1.4280000000000008
all_training_games,2018-19,CLE,19,25.275,4.004423854989671,13,41,6.274999999999999
all_training_games,2018-19,PHX,19,19.589,3.6545087815511557,8,33,0.5889999999999986
all_training_games,2018-19,NYK,17,21.793,3.7755006827446604,10,36,4.792999999999999
all_training_games,2019-20,MIL,56,55.339,3.449344427130623,43,66,0.6610000000000014
all_training_games,2019-20,TOR,53,49.798,3.4573326639403934,38,60,3.201999999999998
all_training_games,2019-20,LAL,52,47.651,3.7348558403435255,33,60,4.348999999999997
all_training_games,2019-20,LAC,49,44.955,3.8848509710241177,33,57,4.045000000000002
all_training_games,2019-20,BOS,48,47.1,3.8218590511172117,34,59,0.8999999999999986
all_training_games,2019-20,DEN,46,44.56,3.674220992251272,34,56,1.4399999999999977
all_training_games,2019-20,IND,45,40.519,3.8442707263429483,30,51,4.481000000000002
all_training_games,2019-20,HOU,44,45.314,3.87303555423964,33,57,1.314
all_training_games,2019-20,MIA,44,41.852,4.021724787982181,28,54,2.1480000000000032
all_training_games,2019-20,OKC,44,40.901,3.8520172685278835,27,54,3.0989999999999966
all_training_games,2019-20,UTA,44,43.726,3.8825246938040157,32,56,0.2740000000000009
all_training_games,2019-20,DAL,43,43.739,3.915125439523897,29,55,0.7389999999999972
all_training_games,2019-20,PHI,43,40.978,3.9018893808949504,27,53,2.0219999999999985
all_training_games,2019-20,BKN,35,35.411,3.8082255161139904,22,46,0.41100000000000136
all_training_games,2019-20,POR,35,36.458,3.858642912362469,23,48,1.4579999999999984
all_training_games,2019-20,MEM,34,34.144,3.920029417061902,22,46,0.14399999999999835
all_training_games,2019-20,PHX,34,30.799,3.7850925914600886,18,44,3.2010000000000005
all_training_games,2019-20,ORL,33,35.826,3.7136929753973065,23,49,2.8260000000000005
all_training_games,2019-20,SAS,32,33.739,3.912056132417215,23,46,1.7389999999999972
all_training_games,2019-20,SAC,31,32.846,3.9076276119345845,19,47,1.8459999999999965
all_training_games,2019-20,NOP,30,31.945,3.769108804635542,21,43,1.9450000000000003
all_training_games,2019-20,WAS,25,26.267,3.7012714586220747,14,41,1.2669999999999995
all_training_games,2019-20,CHA,23,23.835,3.5814245212766287,13,36,0.8350000000000009
all_training_games,2019-20,CHI,22,21.713,3.504413205076127,12,32,0.28699999999999903
all_training_games,2019-20,NYK,21,20.779,3.46759040014578,9,33,0.22100000000000009
all_training_games,2019-20,ATL,20,21.29,3.656948628744093,10,34,1.2899999999999991
all_training_games,2019-20,DET,20,24.723,3.5674918357297076,14,35,4.722999999999999
all_training_games,2019-20,CLE,19,18.948,3.3844867780434216,10,29,0.0519999999999996
all_training_games,2019-20,MIN,19,22.025,3.4295972266633727,11,32,3.0249999999999986
all_training_games,2019-20,GSW,15,21.82,3.489954122876086,12,35,6.82
all_training_games,2020-21,UTA,52,48.509,3.8312657957387524,36,61,3.4909999999999997
all_training_games,2020-21,PHX,51,45.982,3.7525668225573208,34,57,5.018000000000001
all_training_games,2020-21,PHI,49,45.444,3.88303257029116,33,57,3.5559999999999974
all_training_games,2020-21,BKN,48,44.313,3.6617536016831385,34,54,3.6869999999999976
all_training_games,2020-21,DEN,47,43.36,3.899949949628794,31,58,3.6400000000000006
all_training_games,2020-21,LAC,47,47.415,3.838164471007807,35,59,0.41499999999999915
all_training_games,2020-21,MIL,46,42.921,3.858970154153907,31,54,3.0790000000000006
all_training_games,2020-21,DAL,42,40.655,3.985707071632441,30,54,1.3449999999999989
all_training_games,2020-21,LAL,42,42.696,3.856222822199778,29,56,0.695999999999998
all_training_games,2020-21,POR,42,39.837,3.9552591666128674,29,53,2.1629999999999967
all_training_games,2020-21,ATL,41,36.843,3.856581935370262,25,49,4.1569999999999965
all_training_games,2020-21,NYK,41,37.657,3.8836108756456844,26,51,3.3430000000000035
all_training_games,2020-21,MIA,40,39.64,3.8331570660609637,28,52,0.35999999999999943
all_training_games,2020-21,GSW,39,35.646,4.018311937969825,22,48,3.353999999999999
all_training_games,2020-21,MEM,38,39.6,4.018226741505025,25,52,1.6000000000000014
all_training_games,2020-21,BOS,36,39.813,3.94659430479073,28,52,3.8130000000000024
all_training_games,2020-21,IND,34,36.775,3.777120813747108,26,50,2.7749999999999986
all_training_games,2020-21,WAS,34,30.036,3.929904343383974,19,45,3.9639999999999986
all_training_games,2020-21,CHA,33,33.596,3.7948893508487496,23,46,0.5959999999999965
all_training_games,2020-21,SAS,33,34.949,4.006800900151328,23,48,1.948999999999998
all_training_games,2020-21,CHI,31,30.994,3.852636344998946,20,45,0.006000000000000227
all_training_games,2020-21,NOP,31,33.388,3.8126096039316693,22,44,2.387999999999998
all_training_games,2020-21,SAC,31,30.519,3.9157338995355544,20,43,0.48100000000000165
all_training_games,2020-21,TOR,27,36.352,3.9295721825076027,24,49,9.351999999999997
all_training_games,2020-21,MIN,23,20.561,3.6589160507815297,9,35,2.439
all_training_games,2020-21,CLE,22,24.021,3.7744941125673805,11,35,2.021000000000001
all_training_games,2020-21,OKC,22,26.237,3.8830283167791704,16,40,4.236999999999998
all_training_games,2020-21,ORL,21,24.327,3.8435457384872813,14,40,3.3270000000000017
all_training_games,2020-21,DET,20,24.198,3.7747907286424547,13,36,4.198
all_training_games,2020-21,HOU,17,23.716,3.6161333521346255,12,34,6.716000000000001
all_training_games,2021-22,PHX,64,59.161,3.8657499948940193,46,71,4.838999999999999
all_training_games,2021-22,MEM,56,50.237,4.082339586131522,39,62,5.762999999999998
all_training_games,2021-22,GSW,53,54.707,4.00089466971553,42,66,1.7070000000000007
all_training_games,2021-22,MIA,53,51.351,4.079760218866234,38,65,1.649000000000001
all_training_games,2021-22,DAL,52,48.18,4.034833315005704,35,60,3.8200000000000003
all_training_games,2021-22,BOS,51,50.475,4.2689107039850995,38,64,0.5249999999999986
all_training_games,2021-22,MIL,51,49.06,4.219740063819831,33,61,1.9399999999999977
all_training_games,2021-22,PHI,51,48.699,4.061144160441966,37,62,2.301000000000002
all_training_games,2021-22,UTA,49,52.103,4.044347629438863,39,65,3.1030000000000015
all_training_games,2021-22,DEN,48,46.74,4.071483387781045,35,61,1.259999999999998
all_training_games,2021-22,TOR,48,44.068,4.043479408346938,32,58,3.932000000000002
all_training_games,2021-22,CHI,46,44.037,4.297219693836597,33,58,1.963000000000001
all_training_games,2021-22,MIN,46,42.956,4.145509528302797,30,55,3.043999999999997
all_training_games,2021-22,BKN,44,44.523,4.097592129685589,32,56,0.5230000000000032
all_training_games,2021-22,CLE,44,42.158,4.11217046654756,30,57,1.8419999999999987
all_training_games,2021-22,ATL,43,42.424,4.03639895408229,29,55,0.5760000000000005
all_training_games,2021-22,CHA,43,39.29,4.207802942820115,27,51,3.710000000000001
all_training_games,2021-22,LAC,42,40.354,4.193598725470799,29,53,1.6460000000000008
all_training_games,2021-22,NYK,37,39.928,4.173275959271355,25,54,2.9279999999999973
all_training_games,2021-22,NOP,36,38.735,4.249097531221169,26,53,2.7349999999999994
all_training_games,2021-22,WAS,35,38.182,4.164639266517594,25,51,3.182000000000002
all_training_games,2021-22,SAS,34,35.945,4.154905322415692,21,51,1.9450000000000003
all_training_games,2021-22,LAL,33,36.191,4.172040858491791,22,50,3.1910000000000025
all_training_games,2021-22,SAC,30,28.465,4.091639832208663,14,42,1.5350000000000001
all_training_games,2021-22,POR,27,34.833,4.1146131095208744,22,49,7.832999999999998
all_training_games,2021-22,IND,25,33.586,4.017305408198726,21,47,8.585999999999999
all_training_games,2021-22,OKC,24,23.958,3.8653818927988444,12,36,0.04200000000000159
all_training_games,2021-22,DET,23,24.402,3.96763634146808,13,39,1.402000000000001
all_training_games,2021-22,ORL,22,22.362,3.837927264251586,11,34,0.3619999999999983
all_training_games,2021-22,HOU,20,22.89,3.919855260754565,11,36,2.8900000000000006
all_training_games,2022-23,MIL,58,51.641,4.121784578081213,40,66,6.359000000000002
all_training_games,2022-23,BOS,57,53.993,4.018843378647901,39,67,3.006999999999998
all_training_games,2022-23,PHI,54,50.981,4.301760586567344,36,65,3.0189999999999984
all_training_games,2022-23,DEN,53,49.386,4.332178640334649,35,63,3.613999999999997
all_training_games,2022-23,CLE,51,48.26,4.267858317073643,35,62,2.740000000000002
all_training_games,2022-23,MEM,51,51.431,4.197959249666658,38,63,0.4309999999999974
all_training_games,2022-23,SAC,48,45.341,4.149208952913183,32,58,2.658999999999999
all_training_games,2022-23,NYK,47,45.058,4.130338448080954,31,58,1.9420000000000002
all_training_games,2022-23,BKN,45,45.731,4.166292956213833,34,59,0.7310000000000016
all_training_games,2022-23,PHX,45,47.052,4.071839372553378,33,58,2.0519999999999996
all_training_games,2022-23,GSW,44,45.968,4.16248751377134,34,58,1.9680000000000035
all_training_games,2022-23,LAC,44,42.274,4.236847280098122,27,54,1.725999999999999
all_training_games,2022-23,MIA,44,43.631,4.158140104557451,31,56,0.3689999999999998
all_training_games,2022-23,LAL,43,39.898,4.297914385846709,26,56,3.1019999999999968
all_training_games,2022-23,MIN,42,42.164,4.23521440319626,29,55,0.16400000000000148
all_training_games,2022-23,NOP,42,42.358,4.312590223338462,30,57,0.357999999999997
all_training_games,2022-23,ATL,41,42.512,4.293750376103886,28,55,1.5120000000000005
all_training_games,2022-23,TOR,41,43.254,4.184614079577109,31,55,2.253999999999998
all_training_games,2022-23,CHI,40,40.363,4.325730336364365,26,56,0.36299999999999955
all_training_games,2022-23,OKC,40,39.257,4.339098844089492,24,53,0.7430000000000021
all_training_games,2022-23,DAL,38,44.469,4.220527437637615,30,59,6.469000000000001
all_training_games,2022-23,UTA,37,37.999,4.374258009438069,25,52,0.9990000000000023
all_training_games,2022-23,IND,35,34.159,4.110305781035473,20,48,0.8410000000000011
all_training_games,2022-23,WAS,35,36.559,4.15183775655514,24,48,1.5589999999999975
all_training_games,2022-23,ORL,34,33.321,3.9824388028968913,21,45,0.679000000000002
all_training_games,2022-23,POR,33,32.112,4.130680152047418,19,49,0.8879999999999981
all_training_games,2022-23,CHA,27,29.739,4.086266826404826,18,43,2.7390000000000008
all_training_games,2022-23,HOU,22,21.571,3.8538047188214977,10,33,0.4289999999999985
all_training_games,2022-23,SAS,22,25.784,3.9503099813747515,13,38,3.783999999999999
all_training_games,2022-23,DET,17,23.734,3.947762509172608,11,38,6.734000000000002
all_training_games,2023-24,BOS,64,60.569,3.74102048032809,47,70,3.4309999999999974
all_training_games,2023-24,DEN,57,51.711,4.003686864442386,38,64,5.2890000000000015
all_training_games,2023-24,OKC,57,52.674,3.9126759427574913,41,64,4.3260000000000005
all_training_games,2023-24,MIN,56,54.001,4.14151556210418,41,67,1.9990000000000023
all_training_games,2023-24,LAC,51,49.878,3.995131672057527,37,61,1.1219999999999999
all_training_games,2023-24,DAL,50,43.234,4.040986707918443,30,58,6.765999999999998
all_training_games,2023-24,NYK,50,49.182,4.038958923929429,38,61,0.8179999999999978
all_training_games,2023-24,MIL,49,48.884,4.090143429425614,37,63,0.11599999999999966
all_training_games,2023-24,NOP,49,49.993,4.044664424931974,34,60,0.9930000000000021
all_training_games,2023-24,PHX,49,46.325,4.0639747650411095,30,63,2.674999999999997
all_training_games,2023-24,CLE,48,49.133,4.08656469556166,38,61,1.1330000000000027
all_training_games,2023-24,IND,47,43.878,4.104627140674789,32,57,3.122
all_training_games,2023-24,LAL,47,44.971,3.8614854745382616,32,59,2.0290000000000035
all_training_games,2023-24,ORL,47,46.061,4.0708538233214355,34,59,0.9390000000000001
all_training_games,2023-24,PHI,47,44.675,4.067421654920839,31,57,2.325000000000003
all_training_games,2023-24,GSW,46,47.505,4.231297540811669,35,60,1.5050000000000026
all_training_games,2023-24,MIA,46,45.118,4.101572734805383,33,57,0.8819999999999979
all_training_games,2023-24,SAC,46,44.234,4.10634948660073,32,58,1.7659999999999982
all_training_games,2023-24,HOU,41,39.098,4.144100574258494,25,52,1.902000000000001
all_training_games,2023-24,CHI,39,40.868,4.221895356401006,24,54,1.868000000000002
all_training_games,2023-24,ATL,36,36.343,4.056328981333342,23,49,0.3430000000000035
all_training_games,2023-24,BKN,32,36.518,4.159444311080167,23,52,4.518000000000001
all_training_games,2023-24,UTA,31,33.614,3.8840816276296404,19,46,2.613999999999997
all_training_games,2023-24,MEM,27,30.256,3.9349647962781034,17,45,3.2560000000000002
all_training_games,2023-24,TOR,25,32.789,4.095271694314098,20,46,7.7890000000000015
all_training_games,2023-24,SAS,22,23.523,3.8010418202012666,13,37,1.5229999999999997
all_training_games,2023-24,CHA,21,23.281,3.8937385890940535,8,38,2.280999999999999
all_training_games,2023-24,POR,21,23.784,3.8149571292346054,10,35,2.783999999999999
all_training_games,2023-24,WAS,15,19.825,3.647146374451772,7,33,4.824999999999999
all_training_games,2023-24,DET,14,18.075,3.471228085912022,8,30,4.074999999999999
