SEASON,TEAM,ACTUAL_WINS,SIM_ALL_WINS,ERR_ALL,SIM_NOTANK_WINS,ERR_NOTANK
2016-17,GSW,67,65.447,1.5529999999999973,64.745,2.2549999999999955
2016-17,SAS,61,60.003,0.997,60.311,0.6890000000000001
2016-17,CLE,51,52.509,1.5090000000000003,52.043,1.0429999999999993
2016-17,LAC,51,51.774,0.7740000000000009,51.682,0.6820000000000022
2016-17,HOU,55,51.244,3.756,51.285,3.7150000000000034
2016-17,TOR,51,50.005,0.9949999999999974,49.932,1.0679999999999978
2016-17,BOS,53,49.911,3.088999999999998,49.629,3.371000000000002
2016-17,UTA,51,48.372,2.628,48.261,2.738999999999997
2016-17,WAS,49,46.953,2.046999999999997,47.266,1.7340000000000018
2016-17,CHA,36,46.234,10.234000000000002,45.077,9.076999999999998
2016-17,OKC,47,45.214,1.7860000000000014,45.54,1.4600000000000009
2016-17,IND,42,43.106,1.1060000000000016,42.884,0.8840000000000003
2016-17,MIA,41,42.815,1.8149999999999975,43.006,2.006
2016-17,ATL,43,42.512,0.4879999999999995,42.391,0.6090000000000018
2016-17,MIL,42,41.926,0.073999999999998,41.864,0.1360000000000027
2016-17,MEM,43,41.649,1.350999999999999,41.661,1.3389999999999986
2016-17,DET,37,40.605,3.604999999999997,41.141,4.140999999999998
2016-17,POR,41,40.256,0.7439999999999998,39.802,1.1980000000000004
2016-17,CHI,41,40.226,0.7740000000000009,40.289,0.7109999999999985
2016-17,MIN,31,38.205,7.204999999999998,38.02,7.020000000000003
2016-17,DEN,40,37.522,2.478000000000001,37.786,2.213999999999998
2016-17,DAL,33,36.799,3.799,36.565,3.5649999999999977
2016-17,SAC,32,34.226,2.225999999999999,33.87,1.8699999999999972
2016-17,NYK,31,32.073,1.0730000000000004,32.55,1.5499999999999972
2016-17,NOP,34,30.592,3.4080000000000013,30.387,3.613
2016-17,ORL,29,30.455,1.4549999999999983,31.201,2.2010000000000005
2016-17,LAL,26,24.122,1.878,24.941,1.059000000000001
2016-17,PHI,28,23.016,4.984000000000002,23.429,4.5710000000000015
2016-17,PHX,24,22.98,1.0199999999999996,22.344,1.6559999999999988
2016-17,BKN,20,19.249,0.7510000000000012,20.098,0.0979999999999989
2017-18,GSW,58,61.323,3.3230000000000004,61.069,3.0690000000000026
2017-18,TOR,59,54.134,4.866,54.245,4.755000000000003
2017-18,HOU,65,52.041,12.959000000000003,51.051,13.948999999999998
2017-18,BOS,55,50.242,4.758000000000003,50.105,4.895000000000003
2017-18,SAS,47,46.348,0.652000000000001,45.889,1.110999999999997
2017-18,WAS,43,45.973,2.972999999999999,46.05,3.049999999999997
2017-18,OKC,48,45.913,2.0870000000000037,46.135,1.865000000000002
2017-18,LAC,42,44.092,2.0919999999999987,44.424,2.4239999999999995
2017-18,IND,48,44.018,3.9819999999999993,43.554,4.445999999999998
2017-18,MIA,44,43.947,0.0529999999999972,43.743,0.2569999999999979
2017-18,POR,49,43.919,5.081000000000003,44.007,4.993000000000002
2017-18,MIL,44,43.894,0.1060000000000016,44.085,0.0850000000000008
2017-18,UTA,48,43.836,4.1640000000000015,44.372,3.628
2017-18,MIN,47,43.641,3.3590000000000018,43.813,3.1869999999999976
2017-18,PHI,52,43.502,8.497999999999998,43.669,8.331000000000003
2017-18,CLE,50,43.288,6.712000000000003,43.034,6.966000000000001
2017-18,DEN,46,42.716,3.283999999999999,43.138,2.862000000000002
2017-18,NOP,48,41.455,6.545000000000002,42.172,5.828000000000003
2017-18,DET,39,40.146,1.1460000000000008,40.142,1.142000000000003
2017-18,CHA,36,38.085,2.085000000000001,37.59,1.5900000000000034
2017-18,LAL,35,35.679,0.679000000000002,36.274,1.274000000000001
2017-18,NYK,29,34.401,5.401000000000003,34.768,5.768000000000001
2017-18,DAL,24,33.71,9.71,34.202,10.201999999999998
2017-18,ORL,25,32.617,7.616999999999997,32.841,7.841000000000001
2017-18,ATL,24,31.884,7.884,31.57,7.57
2017-18,BKN,28,31.871,3.870999999999999,32.319,4.319000000000003
2017-18,CHI,27,31.007,4.0070000000000014,31.203,4.202999999999999
2017-18,MEM,22,30.813,8.812999999999999,30.6,8.600000000000001
2017-18,SAC,27,28.08,1.0799999999999983,27.334,0.3339999999999996
2017-18,PHX,21,27.425,6.425000000000001,26.602,5.602
2018-19,MIL,60,56.746,3.253999999999998,56.459,3.540999999999997
2018-19,TOR,58,55.074,2.926000000000002,54.676,3.323999999999998
2018-19,GSW,57,52.064,4.936,52.094,4.905999999999999
2018-19,UTA,50,49.882,0.1180000000000021,49.561,0.439
2018-19,BOS,49,49.055,0.0549999999999997,48.94,0.0600000000000022
2018-19,HOU,53,48.914,4.085999999999999,48.674,4.3260000000000005
2018-19,DEN,54,48.797,5.203000000000003,48.813,5.186999999999998
2018-19,OKC,49,48.727,0.2730000000000032,48.505,0.4949999999999974
2018-19,IND,48,48.546,0.5459999999999994,48.146,0.1460000000000008
2018-19,PHI,51,48.479,2.521000000000001,48.545,2.4549999999999983
2018-19,POR,53,48.449,4.551000000000002,47.275,5.725000000000001
2018-19,SAS,48,44.334,3.665999999999997,44.689,3.311
2018-19,LAC,48,43.758,4.241999999999997,43.373,4.627000000000002
2018-19,DET,41,41.748,0.7479999999999976,41.336,0.3359999999999985
2018-19,MIA,39,41.713,2.713000000000001,41.772,2.7719999999999985
2018-19,CHA,39,41.265,2.265000000000001,41.94,2.9399999999999977
2018-19,NOP,33,41.031,8.030999999999999,41.858,8.857999999999997
2018-19,MIN,36,39.897,3.8969999999999994,40.392,4.392000000000003
2018-19,SAC,39,39.757,0.7569999999999979,40.127,1.1270000000000024
2018-19,LAL,37,38.828,1.828000000000003,39.255,2.2550000000000026
2018-19,BKN,42,37.746,4.253999999999998,38.087,3.9129999999999967
2018-19,WAS,32,36.568,4.567999999999998,35.247,3.247
2018-19,ORL,42,35.133,6.866999999999997,34.814,7.186
2018-19,DAL,33,34.963,1.963000000000001,35.146,2.146000000000001
2018-19,MEM,33,33.171,0.1709999999999993,33.73,0.7299999999999969
2018-19,CLE,19,28.167,9.167000000000002,28.427,9.427
2018-19,ATL,29,27.855,1.1449999999999996,28.446,0.5539999999999985
2018-19,NYK,17,23.952,6.952000000000002,23.618,6.617999999999999
2018-19,CHI,22,23.92,1.9200000000000017,24.269,2.2689999999999984
2018-19,PHX,19,21.461,2.4609999999999985,21.786,2.7860000000000014
2019-20,MIL,56,54.334,1.6659999999999968,54.221,1.7790000000000037
2019-20,TOR,53,46.272,6.7280000000000015,45.801,7.198999999999998
2019-20,LAL,52,44.598,7.402000000000001,44.66,7.340000000000003
2019-20,BOS,48,44.142,3.857999999999997,43.989,4.011000000000003
2019-20,DEN,46,44.027,1.972999999999999,43.662,2.338000000000001
2019-20,HOU,44,43.794,0.206000000000003,43.478,0.5219999999999985
2019-20,LAC,49,43.581,5.418999999999997,43.374,5.625999999999998
2019-20,DAL,43,43.0,0.0,42.667,0.3329999999999984
2019-20,UTA,44,42.338,1.661999999999999,42.26,1.740000000000002
2019-20,PHI,43,41.215,1.7849999999999966,41.043,1.9570000000000007
2019-20,MIA,44,40.895,3.104999999999997,41.142,2.857999999999997
2019-20,IND,45,39.875,5.125,40.154,4.8459999999999965
2019-20,OKC,44,39.855,4.145000000000003,39.729,4.271000000000001
2019-20,POR,35,37.044,2.043999999999997,37.072,2.0720000000000027
2019-20,ORL,33,36.954,3.9540000000000006,36.37,3.369999999999997
2019-20,BKN,35,35.875,0.875,35.764,0.7640000000000029
2019-20,SAS,32,33.897,1.8969999999999985,33.902,1.902000000000001
2019-20,SAC,31,32.559,1.5589999999999975,32.23,1.2299999999999969
2019-20,MEM,34,32.357,1.643000000000001,32.759,1.2409999999999997
2019-20,PHX,34,31.789,2.2109999999999985,31.768,2.2319999999999998
2019-20,NOP,30,30.243,0.2429999999999985,30.79,0.7899999999999991
2019-20,WAS,25,28.634,3.634,28.009,3.0090000000000003
2019-20,DET,20,28.182,8.181999999999999,28.448,8.448
2019-20,MIN,19,25.972,6.972000000000001,25.841,6.841000000000001
2019-20,CHI,22,25.346,3.346,26.045,4.045000000000002
2019-20,CHA,23,24.143,1.143000000000001,23.947,0.9469999999999992
2019-20,GSW,15,22.977,7.977,23.464,8.463999999999999
2019-20,ATL,20,22.073,2.0730000000000004,21.564,1.564
2019-20,CLE,19,21.586,2.5859999999999985,22.914,3.9140000000000015
2019-20,NYK,21,21.443,0.4430000000000014,21.933,0.9329999999999998
2020-21,LAC,47,46.271,0.7289999999999992,45.391,1.6090000000000018
2020-21,UTA,52,46.232,5.768000000000001,45.703,6.296999999999997
2020-21,PHX,51,44.929,6.070999999999998,44.909,6.091000000000001
2020-21,PHI,49,44.068,4.932000000000002,43.422,5.578000000000003
2020-21,MIL,46,44.024,1.975999999999999,44.234,1.7659999999999982
2020-21,BKN,48,43.791,4.209000000000003,44.527,3.472999999999999
2020-21,LAL,42,43.055,1.0549999999999995,43.06,1.0600000000000025
2020-21,DEN,47,42.152,4.847999999999999,42.81,4.189999999999998
2020-21,BOS,36,40.473,4.472999999999999,41.141,5.140999999999998
2020-21,DAL,42,40.076,1.9239999999999997,39.797,2.203000000000003
2020-21,TOR,27,38.803,11.802999999999995,38.889,11.889000000000005
2020-21,MEM,38,38.271,0.2710000000000008,38.045,0.0450000000000017
2020-21,POR,42,38.148,3.8519999999999968,38.356,3.6439999999999984
2020-21,IND,34,38.053,4.052999999999997,38.399,4.399000000000001
2020-21,MIA,40,36.772,3.228000000000001,36.882,3.118000000000002
2020-21,NOP,31,36.455,5.454999999999998,35.552,4.552
2020-21,NYK,41,36.216,4.783999999999999,36.465,4.534999999999997
2020-21,ATL,41,35.77,5.229999999999997,35.597,5.402999999999999
2020-21,GSW,39,35.294,3.706000000000003,35.403,3.5970000000000013
2020-21,SAS,33,34.6,1.6000000000000014,34.956,1.956000000000003
2020-21,CHA,33,32.967,0.0330000000000012,32.978,0.0219999999999984
2020-21,SAC,31,30.854,0.1460000000000008,30.673,0.3270000000000017
2020-21,CHI,31,30.566,0.434000000000001,31.922,0.9220000000000006
2020-21,WAS,34,28.284,5.716000000000001,27.951,6.049
2020-21,OKC,22,28.082,6.082000000000001,27.881,5.881
2020-21,HOU,17,26.549,9.549,26.017,9.017
2020-21,ORL,21,26.089,5.088999999999999,26.068,5.068000000000001
2020-21,DET,20,25.66,5.66,25.873,5.873000000000001
2020-21,CLE,22,24.492,2.492000000000001,23.896,1.8960000000000008
2020-21,MIN,23,23.004,0.0040000000000013,23.203,0.2029999999999994
2021-22,PHX,64,56.327,7.673000000000002,56.11,7.890000000000001
2021-22,UTA,49,52.487,3.487000000000002,52.266,3.2659999999999982
2021-22,GSW,53,51.573,1.4269999999999996,51.202,1.7980000000000018
2021-22,MIL,51,50.306,0.6940000000000026,49.669,1.331000000000003
2021-22,MIA,53,50.193,2.807000000000002,50.25,2.75
2021-22,MEM,56,48.339,7.661000000000001,48.154,7.8459999999999965
2021-22,BOS,51,48.175,2.825000000000003,47.569,3.4309999999999974
2021-22,PHI,51,47.78,3.219999999999999,47.814,3.186
2021-22,DEN,48,47.649,0.3509999999999991,47.592,0.4080000000000012
2021-22,DAL,52,47.176,4.823999999999998,47.357,4.643000000000001
2021-22,CHI,46,44.854,1.1460000000000008,44.859,1.1409999999999982
2021-22,BKN,44,43.729,0.2710000000000008,43.52,0.4799999999999969
2021-22,MIN,46,43.068,2.932000000000002,43.89,2.1099999999999994
2021-22,CLE,44,42.879,1.1210000000000022,42.722,1.2779999999999987
2021-22,ATL,43,42.596,0.4040000000000034,42.881,0.1189999999999997
2021-22,TOR,48,42.164,5.835999999999999,41.998,6.002000000000002
2021-22,LAC,42,41.994,0.0060000000000002,41.888,0.1120000000000018
2021-22,NYK,37,40.921,3.921,40.945,3.945
2021-22,CHA,43,40.067,2.933,40.274,2.725999999999999
2021-22,WAS,35,39.6,4.600000000000001,39.839,4.838999999999999
2021-22,LAL,33,37.506,4.506,37.519,4.518999999999998
2021-22,SAS,34,37.364,3.363999999999997,37.5,3.5
2021-22,NOP,36,36.25,0.25,36.327,0.3269999999999982
2021-22,POR,27,35.485,8.485,35.177,8.177
2021-22,IND,25,35.171,10.171,35.351,10.351
2021-22,SAC,30,31.175,1.1750000000000007,31.173,1.1729999999999985
2021-22,HOU,20,24.472,4.472000000000001,23.955,3.9549999999999983
2021-22,OKC,24,24.344,0.3440000000000012,24.902,0.902000000000001
2021-22,DET,23,23.761,0.7609999999999992,24.278,1.2779999999999987
2021-22,ORL,22,22.595,0.5949999999999989,23.019,1.0189999999999984
2022-23,BOS,57,51.766,5.234000000000002,52.258,4.741999999999997
2022-23,CLE,51,49.468,1.5319999999999965,49.342,1.6580000000000013
2022-23,MEM,51,49.463,1.536999999999999,49.373,1.6270000000000024
2022-23,MIL,58,49.437,8.563000000000002,49.512,8.488
2022-23,DEN,53,49.356,3.6439999999999984,49.194,3.805999999999997
2022-23,PHI,54,48.932,5.067999999999998,48.843,5.1569999999999965
2022-23,PHX,45,47.011,2.011000000000003,46.643,1.643000000000001
2022-23,DAL,38,45.893,7.893000000000001,45.859,7.859000000000002
2022-23,BKN,45,45.25,0.25,45.741,0.7409999999999997
2022-23,SAC,48,44.695,3.305,44.943,3.057000000000002
2022-23,NYK,47,44.164,2.8359999999999985,44.679,2.320999999999998
2022-23,MIA,44,43.982,0.0180000000000006,43.916,0.0840000000000031
2022-23,TOR,41,43.926,2.926000000000002,43.287,2.286999999999999
2022-23,GSW,44,43.863,0.1370000000000004,44.358,0.357999999999997
2022-23,NOP,42,43.465,1.4650000000000034,43.662,1.661999999999999
2022-23,MIN,42,42.3,0.2999999999999971,42.209,0.2090000000000031
2022-23,UTA,37,42.196,5.195999999999998,41.642,4.642000000000003
2022-23,ATL,41,41.966,0.9660000000000012,42.493,1.493000000000002
2022-23,LAC,44,40.847,3.1529999999999987,40.827,3.173000000000002
2022-23,CHI,40,40.392,0.392000000000003,40.264,0.2640000000000029
2022-23,OKC,40,38.283,1.7169999999999987,38.198,1.802
2022-23,LAL,43,37.264,5.735999999999997,37.546,5.454000000000001
2022-23,WAS,35,37.023,2.0230000000000032,36.586,1.5859999999999983
2022-23,IND,35,35.256,0.2560000000000002,34.821,0.179000000000002
2022-23,ORL,34,33.747,0.2530000000000001,33.995,0.0050000000000025
2022-23,POR,33,33.351,0.3509999999999991,32.722,0.2779999999999987
2022-23,CHA,27,30.3,3.3000000000000007,30.441,3.440999999999999
2022-23,SAS,22,26.727,4.727,26.833,4.832999999999998
2022-23,DET,17,26.063,9.063,25.672,8.672
2022-23,HOU,22,23.614,1.6140000000000008,24.141,2.1409999999999982
2023-24,BOS,64,55.191,8.808999999999997,54.68,9.32
2023-24,DEN,57,50.149,6.850999999999999,49.905,7.094999999999999
2023-24,MIN,56,50.142,5.857999999999997,50.24,5.759999999999998
2023-24,OKC,57,49.38,7.619999999999997,49.738,7.262
2023-24,NYK,50,48.926,1.073999999999998,48.595,1.4050000000000011
2023-24,MIL,49,48.839,0.1610000000000013,48.115,0.884999999999998
2023-24,LAC,51,48.695,2.305,48.294,2.706000000000003
2023-24,CLE,48,48.377,0.3770000000000024,48.195,0.1950000000000002
2023-24,NOP,49,48.093,0.9069999999999964,47.61,1.3900000000000006
2023-24,PHX,49,47.318,1.6820000000000022,47.333,1.6670000000000016
2023-24,GSW,46,46.369,0.3689999999999998,46.337,0.3370000000000033
2023-24,PHI,47,45.965,1.0349999999999966,45.834,1.1659999999999968
2023-24,ORL,47,45.295,1.7049999999999983,44.915,2.085000000000001
2023-24,MIA,46,45.197,0.8029999999999973,45.109,0.8909999999999982
2023-24,SAC,46,43.747,2.253,43.603,2.3969999999999985
2023-24,DAL,50,43.296,6.704000000000001,43.007,6.993000000000002
2023-24,LAL,47,43.283,3.716999999999999,42.604,4.396000000000001
2023-24,IND,47,42.203,4.796999999999997,42.274,4.725999999999999
2023-24,CHI,39,39.461,0.4609999999999985,39.494,0.4939999999999998
2023-24,ATL,36,39.433,3.433,39.335,3.335000000000001
2023-24,HOU,41,39.23,1.7700000000000031,39.003,1.997
2023-24,BKN,32,38.858,6.857999999999997,39.118,7.118000000000002
2023-24,TOR,25,33.807,8.807000000000002,34.482,9.482
2023-24,UTA,31,32.597,1.5970000000000013,32.845,1.8449999999999989
2023-24,MEM,27,31.475,4.475000000000001,32.147,5.146999999999999
2023-24,CHA,21,26.454,5.454000000000001,27.035,6.035
2023-24,SAS,22,26.164,4.1640000000000015,26.342,4.341999999999999
2023-24,WAS,15,24.67,9.670000000000002,24.815,9.815
2023-24,POR,21,24.639,3.6389999999999993,24.619,3.619
2023-24,DET,14,22.747,8.747,24.377,10.377
