SEASON,TEAM,ACTUAL_WINS,SIMULATED_MEAN_WINS,ABSOLUTE_ERROR
2016-17,GSW,67,65.447,1.5529999999999973
2016-17,SAS,61,60.003,0.9969999999999999
2016-17,CLE,51,52.509,1.5090000000000003
2016-17,LAC,51,51.774,0.7740000000000009
2016-17,HOU,55,51.244,3.7560000000000002
2016-17,TOR,51,50.005,0.9949999999999974
2016-17,BOS,53,49.911,3.0889999999999986
2016-17,UTA,51,48.372,2.628
2016-17,WAS,49,46.953,2.046999999999997
2016-17,CHA,36,46.234,10.234000000000002
2016-17,OKC,47,45.214,1.7860000000000014
2016-17,IND,42,43.106,1.1060000000000016
2016-17,MIA,41,42.815,1.8149999999999977
2016-17,ATL,43,42.512,0.48799999999999955
2016-17,MIL,42,41.926,0.07399999999999807
2016-17,MEM,43,41.649,1.350999999999999
2016-17,DET,37,40.605,3.604999999999997
2016-17,POR,41,40.256,0.7439999999999998
2016-17,CHI,41,40.226,0.7740000000000009
2016-17,MIN,31,38.205,7.204999999999998
2016-17,DEN,40,37.522,2.4780000000000015
2016-17,DAL,33,36.799,3.7989999999999995
2016-17,SAC,32,34.226,2.225999999999999
2016-17,NYK,31,32.073,1.0730000000000004
2016-17,NOP,34,30.592,3.4080000000000013
2016-17,ORL,29,30.455,1.4549999999999983
2016-17,LAL,26,24.122,1.8780000000000001
2016-17,PHI,28,23.016,4.984000000000002
2016-17,PHX,24,22.98,1.0199999999999996
2016-17,BKN,20,19.249,0.7510000000000012
2017-18,GSW,58,61.323,3.3230000000000004
2017-18,TOR,59,54.134,4.866
2017-18,HOU,65,52.041,12.959000000000003
2017-18,BOS,55,50.242,4.758000000000003
2017-18,SAS,47,46.348,0.652000000000001
2017-18,WAS,43,45.973,2.972999999999999
2017-18,OKC,48,45.913,2.0870000000000033
2017-18,LAC,42,44.092,2.0919999999999987
2017-18,IND,48,44.018,3.9819999999999993
2017-18,MIA,44,43.947,0.05299999999999727
2017-18,POR,49,43.919,5.081000000000003
2017-18,MIL,44,43.894,0.10600000000000165
2017-18,UTA,48,43.836,4.1640000000000015
2017-18,MIN,47,43.641,3.3590000000000018
2017-18,PHI,52,43.502,8.497999999999998
2017-18,CLE,50,43.288,6.712000000000003
2017-18,DEN,46,42.716,3.283999999999999
2017-18,NOP,48,41.455,6.545000000000002
2017-18,DET,39,40.146,1.1460000000000008
2017-18,CHA,36,38.085,2.085000000000001
2017-18,LAL,35,35.679,0.679000000000002
2017-18,NYK,29,34.401,5.401000000000003
2017-18,DAL,24,33.71,9.71
2017-18,ORL,25,32.617,7.616999999999997
2017-18,ATL,24,31.884,7.884
2017-18,BKN,28,31.871,3.8709999999999987
2017-18,CHI,27,31.007,4.0070000000000014
2017-18,MEM,22,30.813,8.812999999999999
2017-18,SAC,27,28.08,1.0799999999999983
2017-18,PHX,21,27.425,6.425000000000001
2018-19,MIL,60,56.746,3.253999999999998
2018-19,TOR,58,55.074,2.926000000000002
2018-19,GSW,57,52.064,4.936
2018-19,UTA,50,49.882,0.1180000000000021
2018-19,BOS,49,49.055,0.054999999999999716
2018-19,HOU,53,48.914,4.0859999999999985
2018-19,DEN,54,48.797,5.203000000000003
2018-19,OKC,49,48.727,0.27300000000000324
2018-19,IND,48,48.546,0.5459999999999994
2018-19,PHI,51,48.479,2.521000000000001
2018-19,POR,53,48.449,4.551000000000002
2018-19,SAS,48,44.334,3.665999999999997
2018-19,LAC,48,43.758,4.241999999999997
2018-19,DET,41,41.748,0.7479999999999976
2018-19,MIA,39,41.713,2.713000000000001
2018-19,CHA,39,41.265,2.2650000000000006
2018-19,NOP,33,41.031,8.030999999999999
2018-19,MIN,36,39.897,3.8969999999999985
2018-19,SAC,39,39.757,0.7569999999999979
2018-19,LAL,37,38.828,1.828000000000003
2018-19,BKN,42,37.746,4.253999999999998
2018-19,WAS,32,36.568,4.567999999999998
2018-19,ORL,42,35.133,6.866999999999997
2018-19,DAL,33,34.963,1.963000000000001
2018-19,MEM,33,33.171,0.17099999999999937
2018-19,CLE,19,28.167,9.167000000000002
2018-19,ATL,29,27.855,1.1449999999999996
2018-19,NYK,17,23.952,6.952000000000002
2018-19,CHI,22,23.92,1.9200000000000017
2018-19,PHX,19,21.461,2.4609999999999985
2019-20,MIL,56,54.334,1.6659999999999968
2019-20,TOR,53,46.272,6.7280000000000015
2019-20,LAL,52,44.598,7.402000000000001
2019-20,BOS,48,44.142,3.857999999999997
2019-20,DEN,46,44.027,1.972999999999999
2019-20,HOU,44,43.794,0.20600000000000307
2019-20,LAC,49,43.581,5.418999999999997
2019-20,DAL,43,43.0,0.0
2019-20,UTA,44,42.338,1.661999999999999
2019-20,PHI,43,41.215,1.7849999999999966
2019-20,MIA,44,40.895,3.104999999999997
2019-20,IND,45,39.875,5.125
2019-20,OKC,44,39.855,4.145000000000003
2019-20,POR,35,37.044,2.043999999999997
2019-20,ORL,33,36.954,3.9540000000000006
2019-20,BKN,35,35.875,0.875
2019-20,SAS,32,33.897,1.8969999999999985
2019-20,SAC,31,32.559,1.5589999999999975
2019-20,MEM,34,32.357,1.6430000000000007
2019-20,PHX,34,31.789,2.2109999999999985
2019-20,NOP,30,30.243,0.24299999999999855
2019-20,WAS,25,28.634,3.6340000000000003
2019-20,DET,20,28.182,8.181999999999999
2019-20,MIN,19,25.972,6.972000000000001
2019-20,CHI,22,25.346,3.346
2019-20,CHA,23,24.143,1.1430000000000007
2019-20,GSW,15,22.977,7.977
2019-20,ATL,20,22.073,2.0730000000000004
2019-20,CLE,19,21.586,2.5859999999999985
2019-20,NYK,21,21.443,0.4430000000000014
2020-21,LAC,47,46.271,0.7289999999999992
2020-21,UTA,52,46.232,5.768000000000001
2020-21,PHX,51,44.929,6.070999999999998
2020-21,PHI,49,44.068,4.932000000000002
2020-21,MIL,46,44.024,1.975999999999999
2020-21,BKN,48,43.791,4.209000000000003
2020-21,LAL,42,43.055,1.0549999999999997
2020-21,DEN,47,42.152,4.847999999999999
2020-21,BOS,36,40.473,4.472999999999999
2020-21,DAL,42,40.076,1.9239999999999995
2020-21,TOR,27,38.803,11.802999999999997
2020-21,MEM,38,38.271,0.2710000000000008
2020-21,POR,42,38.148,3.8519999999999968
2020-21,IND,34,38.053,4.052999999999997
2020-21,MIA,40,36.772,3.2280000000000015
2020-21,NOP,31,36.455,5.454999999999998
2020-21,NYK,41,36.216,4.783999999999999
2020-21,ATL,41,35.77,5.229999999999997
2020-21,GSW,39,35.294,3.706000000000003
2020-21,SAS,33,34.6,1.6000000000000014
2020-21,CHA,33,32.967,0.03300000000000125
2020-21,SAC,31,30.854,0.1460000000000008
2020-21,CHI,31,30.566,0.43400000000000105
2020-21,WAS,34,28.284,5.716000000000001
2020-21,OKC,22,28.082,6.082000000000001
2020-21,HOU,17,26.549,9.549
2020-21,ORL,21,26.089,5.088999999999999
2020-21,DET,20,25.66,5.66
2020-21,CLE,22,24.492,2.492000000000001
2020-21,MIN,23,23.004,0.004000000000001336
2021-22,PHX,64,56.327,7.673000000000002
2021-22,UTA,49,52.487,3.487000000000002
2021-22,GSW,53,51.573,1.4269999999999996
2021-22,MIL,51,50.306,0.6940000000000026
2021-22,MIA,53,50.193,2.807000000000002
2021-22,MEM,56,48.339,7.661000000000001
2021-22,BOS,51,48.175,2.825000000000003
2021-22,PHI,51,47.78,3.219999999999999
2021-22,DEN,48,47.649,0.3509999999999991
2021-22,DAL,52,47.176,4.823999999999998
2021-22,CHI,46,44.854,1.1460000000000008
2021-22,BKN,44,43.729,0.2710000000000008
2021-22,MIN,46,43.068,2.932000000000002
2021-22,CLE,44,42.879,1.1210000000000022
2021-22,ATL,43,42.596,0.40400000000000347
2021-22,TOR,48,42.164,5.8359999999999985
2021-22,LAC,42,41.994,0.006000000000000227
2021-22,NYK,37,40.921,3.9209999999999994
2021-22,CHA,43,40.067,2.933
2021-22,WAS,35,39.6,4.600000000000001
2021-22,LAL,33,37.506,4.506
2021-22,SAS,34,37.364,3.363999999999997
2021-22,NOP,36,36.25,0.25
2021-22,POR,27,35.485,8.485
2021-22,IND,25,35.171,10.171
2021-22,SAC,30,31.175,1.1750000000000007
2021-22,HOU,20,24.472,4.472000000000001
2021-22,OKC,24,24.344,0.3440000000000012
2021-22,DET,23,23.761,0.7609999999999992
2021-22,ORL,22,22.595,0.5949999999999989
2022-23,BOS,57,51.766,5.234000000000002
2022-23,CLE,51,49.468,1.5319999999999965
2022-23,MEM,51,49.463,1.536999999999999
2022-23,MIL,58,49.437,8.563000000000002
2022-23,DEN,53,49.356,3.6439999999999984
2022-23,PHI,54,48.932,5.067999999999998
2022-23,PHX,45,47.011,2.011000000000003
2022-23,DAL,38,45.893,7.893000000000001
2022-23,BKN,45,45.25,0.25
2022-23,SAC,48,44.695,3.3049999999999997
2022-23,NYK,47,44.164,2.8359999999999985
2022-23,MIA,44,43.982,0.018000000000000682
2022-23,TOR,41,43.926,2.926000000000002
2022-23,GSW,44,43.863,0.13700000000000045
2022-23,NOP,42,43.465,1.4650000000000034
2022-23,MIN,42,42.3,0.29999999999999716
2022-23,UTA,37,42.196,5.195999999999998
2022-23,ATL,41,41.966,0.9660000000000011
2022-23,LAC,44,40.847,3.1529999999999987
2022-23,CHI,40,40.392,0.392000000000003
2022-23,OKC,40,38.283,1.7169999999999987
2022-23,LAL,43,37.264,5.735999999999997
2022-23,WAS,35,37.023,2.0230000000000032
2022-23,IND,35,35.256,0.2560000000000002
2022-23,ORL,34,33.747,0.2530000000000001
2022-23,POR,33,33.351,0.3509999999999991
2022-23,CHA,27,30.3,3.3000000000000007
2022-23,SAS,22,26.727,4.727
2022-23,DET,17,26.063,9.062999999999999
2022-23,HOU,22,23.614,1.6140000000000008
2023-24,BOS,64,55.191,8.808999999999997
2023-24,DEN,57,50.149,6.850999999999999
2023-24,MIN,56,50.142,5.857999999999997
2023-24,OKC,57,49.38,7.619999999999997
2023-24,NYK,50,48.926,1.073999999999998
2023-24,MIL,49,48.839,0.16100000000000136
2023-24,LAC,51,48.695,2.3049999999999997
2023-24,CLE,48,48.377,0.37700000000000244
2023-24,NOP,49,48.093,0.9069999999999965
2023-24,PHX,49,47.318,1.6820000000000022
2023-24,GSW,46,46.369,0.3689999999999998
2023-24,PHI,47,45.965,1.0349999999999966
2023-24,ORL,47,45.295,1.7049999999999983
2023-24,MIA,46,45.197,0.8029999999999973
2023-24,SAC,46,43.747,2.253
2023-24,DAL,50,43.296,6.704000000000001
2023-24,LAL,47,43.283,3.7169999999999987
2023-24,IND,47,42.203,4.796999999999997
2023-24,CHI,39,39.461,0.4609999999999985
2023-24,ATL,36,39.433,3.433
2023-24,HOU,41,39.23,1.7700000000000031
2023-24,BKN,32,38.858,6.857999999999997
2023-24,TOR,25,33.807,8.807000000000002
2023-24,UTA,31,32.597,1.5970000000000013
2023-24,MEM,27,31.475,4.475000000000001
2023-24,CHA,21,26.454,5.454000000000001
2023-24,SAS,22,26.164,4.1640000000000015
2023-24,WAS,15,24.67,9.670000000000002
2023-24,POR,21,24.639,3.6389999999999993
2023-24,DET,14,22.747,8.747
